MEDIA_ID,MEDIA_NAME,CNT,TIME(2023/11/29 11:04:50.155),TIMETICK(f=10000000),FPOGX,FPOGY,FPOGS,FPOGD,FPOGID,FPOGV,BPOGX,BPOGY,BPOGV,CX,CY,CS,USER,LPCX,LPCY,LPD,LPS,LPV,RPCX,RPCY,RPD,RPS,RPV,BKID,BKDUR,BKPMIN,LPMM,LPMMV,RPMM,RPMMV,DIAL,DIALV,GSR,GSRV,HR,HRV,HRP,TTL0,TTL1,TTLV,PIXS,PIXV,AOI,SACCADE_MAG,SACCADE_DIR,VID_FRAME,
0,1.jpg,25,0.40234,5971015971300,0.47844,0.04157,0.19043,0.21191,2,1,0.46220,-0.00156,1,0.99948,0.34907,0,,0.41053,0.54653,19.60337,1.17388,1,0.62187,0.54616,17.93044,1.19159,1,0,0.00000,3,5.21482,1,5.06647,1,0.00000,0,0,0,0,0,0,1,1,0,0.00000,0,,0.00000,0.00000,0,
0,1.jpg,29,0.46826,5971016627925,0.42577,0.11144,0.41699,0.05127,3,1,0.42361,0.19317,1,0.99948,0.35000,0,,0.41038,0.54645,19.56513,1.02555,1,0.62195,0.54627,18.69824,0.99368,1,0,0.00000,3,5.20480,1,5.13653,1,0.00000,0,0,0,0,0,0,1,1,0,0.00000,0,,126.17721,216.72998,0,
0,1.jpg,45,0.72559,5971019203002,0.53264,0.35541,0.53125,0.19434,4,1,0.71489,0.24317,1,0.99948,0.35556,0,,0.41475,0.54762,19.81400,1.02090,1,0.62646,0.54792,18.44538,1.03506,1,0,0.00000,3,5.17271,1,5.06465,1,0.00000,0,0,0,0,0,0,1,1,0,0.00000,0,,333.95926,307.90958,0,
0,1.jpg,74,1.19482,5971023894154,0.68807,0.25409,0.79199,0.40283,5,1,0.47952,0.32000,1,0.99219,0.36019,0,,0.41092,0.54684,20.09928,1.05166,1,0.62234,0.54565,19.59373,1.03395,1,0,0.00000,3,5.29159,1,5.27587,1,0.00000,0,0,0,0,0,0,1,1,0,0.00000,0,,317.85498,20.13679,0,
0,1.jpg,102,1.64746,5971028421570,0.33754,0.36759,1.30713,0.34033,6,1,0.30461,0.38270,1,0.99115,0.30370,0,,0.40925,0.54083,20.70794,0.96476,1,0.62037,0.53902,20.04606,0.99052,1,0,0.00000,3,5.39172,1,5.32319,1,0.00000,0,0,0,0,0,0,1,1,0,0.00000,0,,684.08954,190.32242,0,
0,1.jpg,115,1.85693,5971030515285,0.45974,0.42618,1.66455,0.19238,7,1,0.56776,0.46055,1,0.99115,0.30370,0,,0.41180,0.53731,21.67008,0.98062,1,0.62253,0.53545,20.50414,0.98062,1,0,0.00000,3,5.68562,1,5.31161,1,0.00000,0,0,0,0,0,0,1,1,0,0.00000,0,,243.00708,344.90665,0,
0,1.jpg,136,2.19629,5971033911824,0.41853,0.62954,1.97070,0.22559,8,1,0.53319,1.25781,1,0.99948,0.29815,0,,0.41057,0.52795,8.74099,1.01979,1,0.62090,0.53292,13.05649,1.01979,1,0,0.00000,3,3.80972,1,4.58918,1,0.00000,0,0,0,0,0,0,1,1,0,0.00000,0,,233.44655,250.18799,0,
0,1.jpg,173,2.79590,5971039905475,0.40501,0.53405,2.55225,0.24365,9,1,0.59583,0.49585,1,0.99948,0.29537,0,,0.41506,0.53375,23.26253,1.06229,1,0.62615,0.53432,20.89635,1.06229,1,0,0.00000,4,6.03384,1,5.32735,1,0.00000,0,0,0,0,0,0,1,1,0,0.00000,0,,106.34599,104.12827,0,
0,1.jpg,185,2.98926,5971041837672,0.62114,0.49760,2.90820,0.08105,10,1,0.66292,0.56892,1,0.99948,0.29537,0,,0.41757,0.53338,23.51829,1.03395,1,0.62923,0.53609,20.96715,1.03395,1,0,0.00000,4,6.11882,1,5.33627,1,0.00000,0,0,0,0,0,0,1,1,0,0.00000,0,,416.83273,5.41914,0,
1,2.jpg,8,0.12549,5971043295730,0.59306,0.54549,0.00000,0.12549,1,1,0.56450,0.60254,1,0.99948,0.29537,0,,0.42224,0.53280,23.21680,0.99479,1,0.63485,0.53838,21.14631,0.99479,1,0,0.00000,4,6.09477,1,5.36634,1,0.00000,0,0,0,0,0,0,1,1,0,0.00000,0,,74.71119,223.81107,0,
1,2.jpg,26,0.41650,5971046205549,0.56280,0.53896,0.14307,0.27344,2,1,0.59884,0.48875,1,0.99948,0.29537,0,,0.43423,0.53861,22.75600,0.98062,1,0.64837,0.54711,21.29143,0.98062,1,0,0.00000,4,5.98046,1,5.43503,1,0.00000,0,0,0,0,0,0,1,1,0,0.00000,0,,58.52583,173.07898,0,
1,2.jpg,32,0.52246,5971047264309,0.54648,0.49049,0.43262,0.08984,3,1,0.53555,0.47619,0,0.99948,0.29537,0,,0.43863,0.53917,21.86927,1.03284,0,0.65296,0.54791,20.97962,1.03284,0,1228,0.00000,4,5.85084,0,5.59218,0,0.00000,0,0,0,0,0,0,1,1,0,0.00000,0,,61.00912,120.90399,0,
1,2.jpg,61,0.98486,5971051887884,0.60979,0.10628,0.77197,0.21289,4,1,0.53798,0.07194,1,0.99948,0.29537,0,,0.43511,0.54818,22.39472,0.96994,1,0.64926,0.53623,20.68553,0.96994,1,0,0.00000,5,6.05227,1,5.76986,1,0.00000,0,0,0,0,0,0,1,1,0,0.00000,0,,432.38467,73.67249,0,
1,2.jpg,79,1.27344,5971054774461,0.44852,0.06187,0.99854,0.27490,5,1,0.45138,0.04991,1,0.99948,0.29537,0,,0.38488,0.55823,22.09078,0.99368,1,0.59561,0.52151,19.63900,0.99368,1,0,0.00000,5,6.26835,1,5.88832,1,0.00000,0,0,0,0,0,0,1,1,0,0.00000,0,,313.33118,171.19490,0,
1,2.jpg,104,1.67822,5971058824163,0.48028,0.07303,1.28955,0.38867,6,1,0.47028,0.10154,1,0.99948,0.29537,0,,0.36444,0.56174,23.22741,0.98062,1,0.57387,0.51776,20.18533,0.98062,1,0,0.00000,5,6.05448,1,5.63684,1,0.00000,0,0,0,0,0,0,1,1,0,0.00000,0,,62.15898,348.81937,0,
1,2.jpg,123,1.98779,5971061916652,0.50037,0.08733,1.69385,0.29395,7,1,0.52497,0.04020,1,0.99948,0.29537,0,,0.39195,0.55687,22.73420,1.00673,1,0.60259,0.51974,19.96704,1.00673,1,0,0.00000,5,6.01195,1,5.46814,1,0.00000,0,0,0,0,0,0,1,1,0,0.00000,0,,41.54972,338.17957,0,
2,3.jpg,19,0.30664,5971065308518,0.47980,0.06572,0.00000,0.30664,2,1,0.40892,0.14916,1,0.99948,0.29537,0,,0.40199,0.55449,22.91281,1.02090,1,0.61258,0.52056,20.55205,1.03507,1,0,0.00000,5,6.00656,1,5.41858,1,0.00000,0,0,0,0,0,0,1,1,0,0.00000,0,,45.87500,149.41956,0,
2,3.jpg,36,0.58105,5971068052231,0.28096,0.40479,0.37158,0.20947,3,1,0.32624,0.56590,1,0.99948,0.29537,0,,0.39330,0.55984,21.89633,0.96163,1,0.60357,0.52474,19.23274,0.97580,1,0,0.00000,5,5.71574,1,5.00762,1,0.00000,0,0,0,0,0,0,1,1,0,0.00000,0,,529.00824,223.80693,0,
2,3.jpg,50,0.80664,5971070307575,0.32343,0.52699,0.59668,0.20996,4,1,0.33254,0.54434,1,0.99948,0.29537,0,,0.38764,0.56134,20.38170,0.98062,1,0.59746,0.52497,18.03116,0.98062,1,0,0.00000,5,5.28441,1,4.60133,1,0.00000,0,0,0,0,0,0,1,1,0,0.00000,0,,155.13484,301.71017,0,
2,3.jpg,68,1.09863,5971073228118,0.36247,0.55269,0.82227,0.27637,5,1,0.74474,0.56791,1,0.99948,0.29537,0,,0.38895,0.56091,19.59398,0.98577,1,0.59886,0.52378,15.71218,0.96002,1,0,0.00000,5,5.36198,1,4.14087,1,0.00000,0,0,0,0,0,0,1,1,0,0.00000,0,,79.93071,339.68073,0,
2,3.jpg,107,1.72900,5971079532494,0.79080,0.49274,1.16211,0.56689,6,1,0.76431,0.52488,1,0.99948,0.29537,0,,0.39077,0.56272,19.63067,0.98062,1,0.60136,0.52717,17.31707,0.98062,1,0,0.00000,5,5.01760,1,4.37646,1,0.00000,0,0,0,0,0,0,1,1,0,0.00000,0,,824.93835,4.50154,0,
2,3.jpg,138,2.22998,5971084542091,0.30245,0.53758,1.84180,0.38818,7,1,0.34772,0.61412,1,0.99948,0.29537,0,,0.39270,0.55815,21.54770,0.99368,1,0.60285,0.52653,19.60890,1.00784,1,0,0.00000,5,5.61639,1,4.91508,1,0.00000,0,0,0,0,0,0,1,1,0,0.00000,0,,938.88171,182.95660,0,
2,3.jpg,167,2.69873,5971089228616,0.31574,0.58275,2.24805,0.45068,8,1,0.54362,0.46060,1,0.99948,0.29537,0,,0.39606,0.55441,22.67773,1.01979,1,0.60601,0.52417,19.88643,1.01979,1,0,0.00000,5,6.05661,1,4.99386,1,0.00000,0,0,0,0,0,0,1,1,0,0.00000,0,,55.05400,297.61230,0,
2,3.jpg,186,3.00781,5971092316554,0.76501,0.56165,2.76660,0.24121,9,1,0.80270,0.58213,1,0.99948,0.29537,0,,0.39985,0.55359,22.48491,1.01244,1,0.60997,0.52413,19.96633,1.01244,1,0,0.00000,5,6.01361,1,5.01979,1,0.00000,0,0,0,0,0,0,1,1,0,0.00000,0,,862.89941,1.51328,0,
3,4.jpg,4,0.06445,5971093111176,0.77443,0.56730,0.00000,0.06445,1,1,0.81634,0.61122,1,0.99948,0.29537,0,,0.40001,0.55313,22.52060,0.96994,1,0.61029,0.52398,20.05245,0.96994,1,0,0.00000,5,5.77864,1,5.00298,1,0.00000,0,0,0,0,0,0,1,1,0,0.00000,0,,19.08794,341.35635,0,
3,4.jpg,27,0.43701,5971096834359,0.78023,0.61938,0.08105,0.35596,2,1,0.53704,0.38752,1,0.99948,0.29537,0,,0.38678,0.55232,22.45509,1.10722,1,0.59601,0.52175,20.12918,1.12493,1,0,0.00000,5,5.82636,1,5.25048,1,0.00000,0,0,0,0,0,0,1,1,0,0.00000,0,,57.33821,281.19904,0,
3,4.jpg,49,0.79297,5971100393142,0.54310,0.42083,0.50293,0.29004,3,1,0.53623,0.41170,1,0.99948,0.29537,0,,0.37372,0.54921,23.64897,1.08951,1,0.58159,0.51711,20.63719,1.08951,1,0,0.00000,5,6.11013,1,5.46490,1,0.00000,0,0,0,0,0,0,1,1,0,0.00000,0,,503.26001,154.78032,0,
3,4.jpg,74,1.19727,5971104438666,0.63018,0.42558,0.80859,0.38867,4,1,0.56685,0.39251,1,0.99948,0.29537,0,,0.37688,0.54025,24.62885,1.07535,1,0.58360,0.50938,22.96709,1.08951,1,0,0.00000,5,6.38050,1,5.74153,1,0.00000,0,0,0,0,0,0,1,1,0,0.00000,0,,167.27229,358.24255,0,
3,4.jpg,100,1.61768,5971108639374,0.49683,0.25509,1.26123,0.35645,5,1,0.48596,0.15550,1,0.99948,0.29537,0,,0.38017,0.53605,24.91999,1.00896,1,0.58672,0.50744,22.13220,0.99479,1,0,0.00000,5,6.55303,1,5.63784,1,0.00000,0,0,0,0,0,0,1,1,0,0.00000,0,,315.36636,144.27763,0,
3,4.jpg,123,1.99121,5971112375545,0.43631,-0.03670,1.78076,0.21045,6,1,0.39274,-0.07127,1,0.99948,0.29537,0,,0.37608,0.53512,24.64057,1.04923,1,0.58238,0.50524,21.24276,1.03507,1,0,0.00000,5,6.55081,1,5.79642,1,0.00000,0,0,0,0,0,0,1,1,0,0.00000,0,,335.87347,110.24033,0,
4,5.jpg,12,0.19385,5971114460143,0.44680,-0.02299,0.00000,0.19385,1,1,0.53914,0.26164,1,0.99948,0.29537,0,,0.37728,0.53679,24.20624,0.98062,1,0.58328,0.50670,21.60805,0.98062,1,0,0.00000,5,6.28861,1,5.65622,1,0.00000,0,0,0,0,0,0,1,1,0,0.00000,0,,24.99782,323.67792,0,
4,5.jpg,29,0.47070,5971117232235,0.39538,0.18753,0.25928,0.21143,2,1,0.24786,0.22083,1,0.99948,0.29537,0,,0.37569,0.53876,23.07011,1.04701,1,0.58222,0.50861,21.55157,1.06118,1,0,0.00000,5,6.16606,1,5.49576,1,0.00000,0,0,0,0,0,0,1,1,0,0.00000,0,,247.87132,246.52824,0,
4,5.jpg,71,1.15430,5971124067193,0.27183,0.31248,0.53467,0.61963,3,1,0.30209,0.69829,0,0.99948,0.29537,0,,0.37871,0.53799,15.07590,1.08951,0,0.58524,0.50913,17.07426,1.08951,0,1229,0.00000,5,4.92403,0,4.81993,0,0.00000,0,0,0,0,0,0,1,1,0,0.00000,0,,272.91364,209.63443,0,
4,5.jpg,103,1.66797,5971129201327,0.24109,0.27319,1.31543,0.35254,4,1,0.22921,0.24168,1,0.99948,0.29537,0,,0.39500,0.52848,19.80166,1.08951,1,0.60153,0.50829,20.31190,1.08951,1,0,0.00000,6,5.60168,1,4.96704,1,0.00000,0,0,0,0,0,0,1,1,0,0.00000,0,,72.69133,144.28561,0,
4,5.jpg,125,2.02100,5971132735582,0.26857,0.27693,1.68262,0.33838,5,1,0.29552,0.24179,1,0.99948,0.29537,0,,0.39803,0.53396,19.84831,1.00674,1,0.60600,0.51597,18.08759,1.00674,1,0,0.00000,6,5.26601,1,4.71100,1,0.00000,0,0,0,0,0,0,1,1,0,0.00000,0,,52.91601,355.62219,0,
4,5.jpg,143,2.31250,5971135647724,0.26687,0.24061,2.03809,0.27441,6,1,0.24628,0.29574,1,0.99948,0.29537,0,,0.40058,0.53877,18.57971,1.06340,1,0.60984,0.52238,16.86801,1.06340,1,0,0.00000,6,5.20436,1,4.45130,1,0.00000,0,0,0,0,0,0,1,1,0,0.00000,0,,39.36118,94.75673,0,
4,5.jpg,164,2.65234,5971139048806,0.25073,0.35035,2.33057,0.32178,7,1,0.24315,0.36954,1,0.99948,0.29537,0,,0.40038,0.53902,19.13865,1.04924,1,0.60950,0.52281,17.80161,1.03507,1,0,0.00000,6,5.26786,1,4.83385,1,0.00000,0,0,0,0,0,0,1,1,0,0.00000,0,,122.50349,255.34712,0,
4,5.jpg,187,3.02393,5971142764309,0.25829,0.37357,2.66943,0.35449,8,1,0.31577,0.41314,1,0.99948,0.29537,0,,0.40623,0.53620,19.32075,1.00414,1,0.61522,0.52175,18.34799,1.01830,1,0,0.00000,6,5.35070,1,4.91753,1,0.00000,0,0,0,0,0,0,1,1,0,0.00000,0,,28.97544,300.06268,0,
5,6.jpg,1,0.01563,5971143093171,0.26019,0.37647,0.00000,0.01563,1,1,0.29681,0.42067,1,0.99948,0.29537,0,,0.40709,0.53663,19.93425,1.06578,1,0.61577,0.52190,18.45997,1.06578,1,0,0.00000,6,5.29632,1,4.73866,1,0.00000,0,0,0,0,0,0,1,1,0,0.00000,0,,4.80807,319.35260,0,
5,6.jpg,23,0.37109,5971146648895,0.27389,0.36407,0.03271,0.33838,2,1,0.30171,0.50816,1,0.99948,0.29537,0,,0.40871,0.53540,19.91380,0.94103,1,0.61716,0.52077,18.44213,0.94103,1,0,0.00000,6,5.25179,1,4.70583,1,0.00000,0,0,0,0,0,0,1,1,0,0.00000,0,,29.51684,26.98178,0,
5,6.jpg,47,0.75879,5971150528024,0.39922,0.19973,0.43555,0.32324,3,1,0.45614,0.13384,1,0.99948,0.29537,0,,0.40739,0.53308,21.41142,1.07535,1,0.61603,0.51820,18.39837,1.07535,1,0,0.00000,6,5.56124,1,4.92750,1,0.00000,0,0,0,0,0,0,1,1,0,0.00000,0,,299.00876,36.41184,0,
5,6.jpg,61,0.98633,5971152800921,0.44193,0.01816,0.77637,0.20996,4,1,0.45231,-0.11598,1,0.99948,0.29537,0,,0.40836,0.53076,22.19871,1.07375,1,0.61687,0.51589,18.90297,1.04188,1,0,0.00000,6,5.77027,1,5.19659,1,0.00000,0,0,0,0,0,0,1,1,0,0.00000,0,,212.55119,67.30630,0,
5,6.jpg,95,1.53613,5971158297534,0.45927,0.01394,1.00391,0.53223,5,1,0.45234,0.09097,1,0.99948,0.29537,0,,0.40496,0.53282,23.20796,1.06229,1,0.61298,0.51728,19.82365,1.06229,1,0,0.00000,6,6.04515,1,5.30357,1,0.00000,0,0,0,0,0,0,1,1,0,0.00000,0,,33.60329,7.79503,0,
5,6.jpg,113,1.82715,5971161209370,0.46796,0.22154,1.59961,0.22754,6,1,0.46339,0.05051,1,0.99948,0.29537,0,,0.40467,0.53225,22.83770,1.03729,1,0.61282,0.51634,19.82955,1.03729,1,0,0.00000,6,6.01669,1,5.39567,1,0.00000,0,0,0,0,0,0,1,1,0,0.00000,0,,224.82794,274.25592,0,
5,6.jpg,123,1.98926,5971162831629,0.48889,0.03669,1.89111,0.09814,7,1,0.47144,-0.15528,1,0.99948,0.29537,0,,0.40504,0.53105,22.86589,1.14264,1,0.61356,0.51553,19.69726,1.12493,1,0,0.00000,6,6.05034,1,5.40431,1,0.00000,0,0,0,0,0,0,1,1,0,0.00000,0,,203.64236,78.61890,0,
6,7.jpg,5,0.08008,5971163792909,0.46578,-0.03490,0.00000,0.08008,1,1,0.43165,-0.09930,1,0.99948,0.29537,0,,0.40525,0.53053,23.23715,1.06340,1,0.61350,0.51471,19.68198,1.06340,1,0,0.00000,6,6.04138,1,5.36995,1,0.00000,0,0,0,0,0,0,1,1,0,0.00000,0,,89.14454,119.85086,0,
6,7.jpg,23,0.37256,5971166715638,0.46694,0.02973,0.09766,0.27490,2,1,0.34110,0.18737,1,0.99948,0.29537,0,,0.40295,0.53276,22.64603,1.00674,1,0.61103,0.51689,20.81291,1.00674,1,0,0.00000,6,6.05549,1,5.54390,1,0.00000,0,0,0,0,0,0,1,1,0,0.00000,0,,69.83592,271.82758,0,
6,7.jpg,46,0.74268,5971170421164,0.29387,0.18184,0.43555,0.30713,3,1,0.28980,0.34764,1,0.99948,0.29537,0,,0.40137,0.53422,19.68964,0.96275,1,0.61017,0.51829,18.38040,0.94858,1,0,0.00000,6,5.47010,1,5.00343,1,0.00000,0,0,0,0,0,0,1,1,0,0.00000,0,,370.68460,206.30675,0,
6,7.jpg,62,1.00195,5971173013291,0.25974,0.35712,0.75879,0.24316,4,1,0.17928,0.32514,1,0.99948,0.29537,0,,0.40267,0.53686,20.92573,1.08952,1,0.61149,0.52140,19.56560,1.08952,1,0,0.00000,6,5.52084,1,5.06346,1,0.00000,0,0,0,0,0,0,1,1,0,0.00000,0,,200.32356,250.90601,0,
6,7.jpg,76,1.22852,5971175278187,0.29851,0.42214,1.01807,0.21045,5,1,0.59242,0.41755,1,0.99948,0.29537,0,,0.40800,0.53699,22.05236,0.99368,1,0.61696,0.52161,19.89412,1.00785,1,0,0.00000,6,5.69714,1,5.15031,1,0.00000,0,0,0,0,0,0,1,1,0,0.00000,0,,102.33348,316.66968,0,
6,7.jpg,97,1.56787,5971178670127,0.75129,0.47082,1.29346,0.27441,6,1,0.78181,0.39222,1,0.99948,0.29537,0,,0.41044,0.53727,22.61219,1.07646,1,0.61919,0.52270,20.35449,1.06229,1,0,0.00000,6,5.75467,1,5.23504,1,0.00000,0,0,0,0,0,0,1,1,0,0.00000,0,,870.92596,356.53918,0,
6,7.jpg,114,1.84375,5971181427778,0.78829,0.45214,1.58496,0.25879,7,1,0.79357,0.51688,1,0.99948,0.29537,0,,0.41096,0.53706,22.73509,0.98063,1,0.61971,0.52236,21.12451,0.98063,1,0,0.00000,6,5.83772,1,5.27118,1,0.00000,0,0,0,0,0,0,1,1,0,0.00000,0,,73.84912,15.85381,0,
6,7.jpg,145,2.34424,5971186432442,0.82166,0.50417,1.85938,0.48486,8,1,0.76919,0.44969,1,0.99948,0.29537,0,,0.40907,0.53519,23.04658,0.98063,1,0.61752,0.52026,21.33527,0.98063,1,0,0.00000,6,5.95307,1,5.47699,1,0.00000,0,0,0,0,0,0,1,1,0,0.00000,0,,85.22083,318.74786,0,
6,7.jpg,171,2.76758,5971190667211,0.79125,0.46939,2.36133,0.40625,9,1,0.79755,0.49897,1,0.99948,0.29537,0,,0.40753,0.53575,23.82890,1.06118,1,0.61593,0.52051,21.97501,1.07535,1,0,0.00000,6,6.15326,1,5.42964,1,0.00000,0,0,0,0,0,0,1,1,0,0.00000,0,,69.42622,147.24550,0,
6,7.jpg,184,2.97510,5971192741391,0.77749,0.48218,2.78076,0.19434,10,1,0.76778,0.44070,1,0.99948,0.29537,0,,0.40848,0.53555,23.32800,1.07646,1,0.61679,0.52044,21.78535,1.06229,1,0,0.00000,6,6.10793,1,5.43809,1,0.00000,0,0,0,0,0,0,1,1,0,0.00000,0,,29.81227,207.60281,0,
7,8.jpg,25,0.40625,5971196965286,0.76831,0.48162,0.00000,0.40625,1,1,0.53624,0.32391,1,0.99948,0.29537,0,,0.40350,0.53560,23.48355,1.00896,1,0.61199,0.51957,21.26445,1.02313,1,0,0.00000,6,6.16811,1,5.56628,1,0.00000,0,0,0,0,0,0,1,1,0,0.00000,0,,17.63598,178.03476,0,
7,8.jpg,43,0.69678,5971199872568,0.35571,0.36184,0.47070,0.22607,2,1,0.41341,0.25977,1,0.99948,0.29537,0,,0.40084,0.53382,23.32055,1.04813,1,0.60904,0.51784,20.31905,1.06230,1,0,0.00000,6,6.19196,1,5.33631,1,0.00000,0,0,0,0,0,0,1,1,0,0.00000,0,,802.68481,170.72566,0,
7,8.jpg,60,0.97021,5971202607297,0.44610,0.10193,0.76025,0.20996,3,1,0.46925,0.07853,1,0.99948,0.29537,0,,0.40092,0.53190,23.34040,1.00674,1,0.60901,0.51549,19.67408,1.00674,1,0,0.00000,6,6.19632,1,5.39378,1,0.00000,0,0,0,0,0,0,1,1,0,0.00000,0,,330.02005,58.27294,0,
7,8.jpg,80,1.29639,5971205869493,0.48076,0.02868,0.98633,0.31006,4,1,0.52174,0.25294,1,0.99948,0.29537,0,,0.40016,0.53373,23.45879,0.99480,1,0.60771,0.51725,20.28152,0.98063,1,0,0.00000,6,6.24824,1,5.30279,1,0.00000,0,0,0,0,0,0,1,1,0,0.00000,0,,103.37760,49.92949,0,
7,8.jpg,99,1.60254,5971208929723,0.55098,0.33835,1.35889,0.24365,5,1,0.63819,0.26986,1,0.99948,0.29537,0,,0.40295,0.53311,23.15673,1.02313,1,0.61076,0.51708,20.33973,1.00896,1,0,0.00000,6,6.19037,1,5.20861,1,0.00000,0,0,0,0,0,0,1,1,0,0.00000,0,,360.59616,291.95557,0,
7,8.jpg,113,1.82861,5971211189077,0.52417,0.26596,1.61768,0.21094,6,1,0.43827,0.15962,1,0.99948,0.29537,0,,0.39991,0.53368,23.19690,1.07535,1,0.60797,0.51698,20.34075,1.08952,1,0,0.00000,6,6.13352,1,5.29110,1,0.00000,0,0,0,0,0,0,1,1,0,0.00000,0,,93.60554,123.36127,0,
7,8.jpg,125,2.02344,5971213138146,0.45820,0.25501,1.84424,0.17920,7,1,0.47997,0.32766,1,0.99948,0.29537,0,,0.39940,0.53366,23.62795,0.99369,1,0.60743,0.51697,20.55360,0.99369,1,0,0.00000,6,6.20945,1,5.32275,1,0.00000,0,0,0,0,0,0,1,1,0,0.00000,0,,127.21323,174.66597,0,
8,9.jpg,8,0.12988,5971214592707,0.46497,0.26762,0.00000,0.12989,1,1,0.50374,0.30681,1,0.99948,0.29537,0,,0.40004,0.53263,24.16651,0.98063,1,0.60789,0.51624,20.00043,0.98063,1,0,0.00000,5,6.33218,1,5.41329,1,0.00000,0,0,0,0,0,0,1,1,0,0.00000,0,,18.82628,313.66467,0,
8,9.jpg,24,0.38721,5971217167317,0.43699,0.30860,0.14404,0.24316,2,1,0.36895,0.34997,1,0.99948,0.29537,0,,0.39747,0.53354,23.58188,1.02091,1,0.60521,0.51688,20.37323,1.03507,1,0,0.00000,5,6.20832,1,5.28329,1,0.00000,0,0,0,0,0,0,1,1,0,0.00000,0,,69.60468,219.48334,0,
8,9.jpg,51,0.82520,5971221547871,0.39119,0.24889,0.40820,0.41699,3,1,0.50010,0.23112,1,0.99948,0.29537,0,,0.39728,0.53327,21.30105,1.04924,1,0.60511,0.51628,17.74781,1.03508,1,0,0.00000,5,5.53694,1,4.85906,1,0.00000,0,0,0,0,0,0,1,1,0,0.00000,0,,109.04720,143.74600,0,
8,9.jpg,73,1.17969,5971225090200,0.74953,0.26606,0.89063,0.28906,4,1,0.72827,0.29628,1,0.99948,0.29537,0,,0.40198,0.53324,21.13394,0.98063,1,0.60962,0.51674,17.06196,0.98063,1,0,0.00000,5,5.48390,1,4.56301,1,0.00000,0,0,0,0,0,0,1,1,0,0.00000,0,,688.26276,358.45612,0,
8,9.jpg,93,1.50293,5971228322960,0.72912,0.29942,1.19629,0.30664,5,1,0.71889,0.33152,1,0.99948,0.29537,0,,0.39961,0.53509,21.80587,1.06341,1,0.60722,0.51787,18.78652,1.06341,1,0,0.00000,5,5.66897,1,4.91368,1,0.00000,0,0,0,0,0,0,1,1,0,0.00000,0,,53.23266,222.59547,0,
8,9.jpg,108,1.74609,5971230756307,0.72829,0.33803,1.51953,0.22656,6,1,0.74457,0.35878,1,0.99948,0.29537,0,,0.39811,0.53561,22.48138,1.04924,1,0.60578,0.51812,20.00775,1.03508,1,0,0.00000,5,5.88399,1,5.04020,1,0.00000,0,0,0,0,0,0,1,1,0,0.00000,0,,41.72926,267.81152,0,
8,9.jpg,132,2.13379,5971234633077,0.73489,0.35730,1.76221,0.37158,7,1,0.76680,0.28924,1,0.99948,0.29537,0,,0.39987,0.53607,22.97609,1.16035,1,0.60765,0.51911,20.38203,1.16035,1,0,0.00000,5,5.99801,1,5.26474,1,0.00000,0,0,0,0,0,0,1,1,0,0.00000,0,,24.36593,301.33664,0,
8,9.jpg,160,2.58691,5971239164260,0.73107,0.33897,2.15039,0.43652,8,1,0.72749,0.20358,1,0.99948,0.29537,0,,0.39338,0.53627,24.00073,1.06876,1,0.60082,0.51795,20.15547,1.06876,1,0,0.00000,5,6.17485,1,5.40490,1,0.00000,0,0,0,0,0,0,1,1,0,0.00000,0,,21.11136,110.32913,0,
8,9.jpg,186,3.00977,5971243393276,0.72750,0.28238,2.60596,0.40381,9,1,0.69463,0.31272,1,0.99948,0.29537,0,,0.39465,0.53561,24.46655,0.98063,1,0.60235,0.51729,20.35289,0.98063,1,0,0.00000,5,6.20912,1,5.42661,1,0.00000,0,0,0,0,0,0,1,1,0,0.00000,0,,61.50035,96.39906,0,
9,10.jpg,2,0.03174,5971243853925,0.72372,0.28524,0.00000,0.03174,1,1,0.67347,0.23551,1,0.99948,0.29537,0,,0.39471,0.53551,24.32721,1.02091,1,0.60221,0.51729,20.63451,1.03508,1,0,0.00000,5,6.27892,1,5.53355,1,0.00000,0,0,0,0,0,0,1,1,0,0.00000,0,,7.88751,203.05431,0,
9,10.jpg,23,0.37207,5971247252619,0.71130,0.36141,0.04834,0.32373,2,1,0.50196,0.34771,1,0.99948,0.29537,0,,0.38926,0.53627,24.57629,1.04924,1,0.59683,0.51705,20.86592,1.03508,1,0,0.00000,5,6.31063,1,5.54683,1,0.00000,0,0,0,0,0,0,1,1,0,0.00000,0,,85.65015,253.83426,0,
9,10.jpg,52,0.84131,5971251945888,0.56152,0.33577,0.43604,0.40527,3,1,0.56141,0.37222,1,0.99948,0.29537,0,,0.38892,0.53400,24.84566,0.99369,1,0.59672,0.51404,22.29998,1.00785,1,0,0.00000,5,6.47624,1,5.57124,1,0.00000,0,0,0,0,0,0,1,1,0,0.00000,0,,288.90778,174.49989,0,
9,10.jpg,68,1.09961,5971254528467,0.51948,0.26152,0.85645,0.24316,4,1,0.44424,0.21435,1,0.99948,0.29537,0,,0.38704,0.53293,25.19781,1.08952,1,0.59463,0.51260,21.70215,1.08952,1,0,0.00000,5,6.55641,1,5.72230,1,0.00000,0,0,0,0,0,0,1,1,0,0.00000,0,,113.77892,135.18758,0,
9,10.jpg,90,1.45508,5971258087384,0.50998,0.16365,1.11572,0.33936,5,1,0.48194,0.06821,1,0.99948,0.29537,0,,0.38721,0.53113,25.01630,1.00897,1,0.59463,0.51058,21.39220,1.02313,1,0,0.00000,5,6.50700,1,5.71371,1,0.00000,0,0,0,0,0,0,1,1,0,0.00000,0,,107.26183,99.79079,0,
9,10.jpg,109,1.76270,5971261161834,0.49180,0.11188,1.47217,0.29053,6,1,0.49138,0.26779,1,0.99948,0.29537,0,,0.38641,0.53401,24.62158,1.03397,1,0.59395,0.51353,21.58578,1.01980,1,0,0.00000,5,6.42551,1,5.69387,1,0.00000,0,0,0,0,0,0,1,1,0,0.00000,0,,65.91287,121.97651,0,
9,10.jpg,122,1.97363,5971263271360,0.43567,-0.03007,1.92432,0.04932,7,1,0.44718,0.00928,1,0.99948,0.29537,0,,0.38622,0.53138,24.30985,0.98063,1,0.59389,0.51057,19.97708,0.98063,1,0,0.00000,5,6.37598,1,5.51343,1,0.00000,0,0,0,0,0,0,1,1,0,0.00000,0,,187.39537,125.10610,0,
10,11.jpg,13,0.21094,5971265540161,0.44223,-0.06285,0.00000,0.21094,1,1,0.42073,-0.24796,1,0.99948,0.29537,0,,0.38609,0.53201,24.18078,1.11980,1,0.59403,0.51145,20.13471,1.13751,1,0,0.00000,5,6.38924,1,5.40382,1,0.00000,0,0,0,0,0,0,1,1,0,0.00000,0,,37.57616,70.41590,0,
10,11.jpg,20,0.32275,5971266657457,0.37906,-0.26881,0.27539,0.04736,2,1,0.34595,-0.19179,1,0.99948,0.29537,0,,0.38557,0.53333,24.05797,1.22563,1,0.59326,0.51283,20.60737,1.22563,1,0,0.00000,5,6.30435,1,5.43909,1,0.00000,0,0,0,0,0,0,1,1,0,0.00000,0,,253.35452,118.60194,0,
10,11.jpg,42,0.67871,5971270219932,0.25662,0.27962,0.43604,0.24268,3,1,0.21521,0.14103,1,0.99948,0.29537,0,,0.38357,0.53704,22.22955,1.17390,1,0.59128,0.51623,19.35994,1.19161,1,0,0.00000,5,5.79511,1,5.15056,1,0.00000,0,0,0,0,0,0,1,1,0,0.00000,0,,637.25146,248.35194,0,
10,11.jpg,57,0.92139,5971272644157,0.32405,0.31070,0.69678,0.22461,4,1,0.61995,0.31190,1,0.99948,0.29537,0,,0.38951,0.53611,22.29642,0.98063,1,0.59739,0.51569,17.77417,0.98063,1,0,0.00000,5,5.71403,1,4.83053,1,0.00000,0,0,0,0,0,0,1,1,0,0.00000,0,,133.74623,345.46503,0,
10,11.jpg,78,1.26074,5971276041238,0.71659,0.29482,0.98633,0.27441,5,1,0.73781,0.36125,1,0.99948,0.29537,0,,0.39159,0.53666,23.06170,1.04813,1,0.59927,0.51733,19.57474,1.06230,1,0,0.00000,5,5.87842,1,5.10923,1,0.00000,0,0,0,0,0,0,1,1,0,0.00000,0,,753.87183,1.30358,0,
10,11.jpg,107,1.73145,5971280744601,0.27257,0.36532,1.37451,0.35693,6,1,0.27127,0.30356,1,0.99948,0.29537,0,,0.38300,0.53783,23.85703,0.99480,1,0.59071,0.51692,20.72775,1.00897,1,0,0.00000,5,6.18181,1,5.50798,1,0.00000,0,0,0,0,0,0,1,1,0,0.00000,0,,855.91174,185.10365,0,
10,11.jpg,133,2.15039,5971284934621,0.23924,0.32083,1.74658,0.40381,7,1,0.21029,0.24038,1,0.99948,0.29537,0,,0.38315,0.53573,24.10573,1.07536,1,0.59075,0.51541,21.43574,1.08952,1,0,0.00000,5,6.33755,1,5.53470,1,0.00000,0,0,0,0,0,0,1,1,0,0.00000,0,,80.02440,143.09917,0,
10,11.jpg,150,2.42578,5971287689408,0.24494,0.20697,2.21484,0.21094,8,1,0.23199,0.29016,1,0.99948,0.29537,0,,0.38259,0.53559,24.31118,0.98064,1,0.59009,0.51498,21.21125,0.98064,1,0,0.00000,5,6.31017,1,5.65855,1,0.00000,0,0,0,0,0,0,1,1,0,0.00000,0,,123.45483,84.91419,0,
10,11.jpg,166,2.68457,5971290278570,0.26015,0.28356,2.44531,0.23926,9,1,0.29570,0.35458,1,0.99948,0.29537,0,,0.38317,0.53580,24.57545,0.99480,1,0.59075,0.51543,21.31339,0.98064,1,0,0.00000,5,6.33122,1,5.58315,1,0.00000,0,0,0,0,0,0,1,1,0,0.00000,0,,87.72094,289.44550,0,
10,11.jpg,186,3.00830,5971293514528,0.27143,0.37839,2.70020,0.30811,10,1,0.24221,0.34576,1,0.99948,0.29537,0,,0.38293,0.53612,24.96675,1.07647,1,0.59051,0.51541,21.99267,1.07647,1,0,0.00000,5,6.41172,1,5.53332,1,0.00000,0,0,0,0,0,0,1,1,0,0.00000,0,,104.68129,281.94022,0,
11,12.jpg,10,0.16260,5971295293654,0.26132,0.37147,0.00000,0.16260,1,1,0.23042,0.31586,1,0.99948,0.29537,0,,0.38270,0.53642,24.73998,1.08953,1,0.59015,0.51568,22.12795,1.08953,1,0,0.00000,5,6.43024,1,5.57373,1,0.00000,0,0,0,0,0,0,1,1,0,0.00000,0,,20.80023,158.94247,0,
11,12.jpg,34,0.55127,5971299180518,0.63893,0.31487,0.27637,0.27490,2,1,0.49719,0.29730,1,0.99948,0.29537,0,,0.38574,0.53518,24.49458,1.03939,1,0.59290,0.51478,21.22630,1.03939,1,0,0.00000,5,6.31655,1,5.56653,1,0.00000,0,0,0,0,0,0,1,1,0,0.00000,0,,727.58362,4.81939,0,
11,12.jpg,43,0.69629,5971300626751,0.47295,0.17445,0.61768,0.07861,3,1,0.43253,-0.00822,1,0.99948,0.29537,0,,0.38550,0.53297,23.70400,1.07126,1,0.59239,0.51246,20.41482,1.10314,1,0,0.00000,5,6.10188,1,5.47822,1,0.00000,0,0,0,0,0,0,1,1,0,0.00000,0,,352.92599,154.55124,0,
11,12.jpg,63,1.02002,5971303863938,0.45918,-0.00114,0.81152,0.20850,4,1,0.46971,-0.05881,1,0.99948,0.29537,0,,0.38453,0.53155,24.65244,1.08953,1,0.59133,0.51096,21.14018,1.08953,1,0,0.00000,5,6.41989,1,5.64242,1,0.00000,0,0,0,0,0,0,1,1,0,0.00000,0,,191.47128,97.93678,0,
11,12.jpg,72,1.16846,5971305349853,0.45758,0.04246,1.03760,0.13086,5,1,0.44168,0.17554,0,0.99948,0.29537,0,,0.38453,0.53375,18.71626,1.20793,0,0.59064,0.51171,19.25686,1.22564,0,1230,0.00000,5,6.00188,0,5.56214,0,0.00000,0,0,0,0,0,0,1,1,0,0.00000,0,,47.18810,266.26733,0,
11,12.jpg,105,1.70068,5971310673422,0.42711,0.02096,1.47266,0.22803,6,1,0.43254,-0.01651,1,0.99948,0.29537,0,,0.38484,0.52940,24.88228,1.06230,1,0.59184,0.50890,21.26365,1.07647,1,0,0.00000,6,6.51208,1,5.73871,1,0.00000,0,0,0,0,0,0,1,1,0,0.00000,0,,62.94207,158.35155,0,
11,12.jpg,118,1.90918,5971312756902,0.55171,0.08206,1.71533,0.19385,7,1,0.74370,0.22142,1,0.99948,0.29537,0,,0.38884,0.53212,25.06303,1.14265,1,0.59554,0.51215,21.87018,1.12494,1,0,0.00000,6,6.44178,1,5.58407,1,0.00000,0,0,0,0,0,0,1,1,0,0.00000,0,,248.16606,344.57941,0,
12,13.jpg,7,0.11475,5971314871124,0.63146,0.41802,0.00000,0.11474,2,1,0.32264,1.11456,1,0.99948,0.29537,0,,0.38530,0.53298,22.99075,1.00897,0,0.58984,0.51437,12.29242,1.02314,1,0,0.00000,6,6.19587,0,3.68426,1,0.00000,0,0,0,0,0,0,1,1,0,0.00000,0,,393.82263,292.88013,0,
12,13.jpg,38,0.61523,5971319875581,0.25484,0.20733,0.42188,0.19336,3,1,0.17722,0.28245,1,0.99948,0.29537,0,,0.38091,0.53254,24.26893,1.04703,1,0.58782,0.51165,21.63766,1.06473,1,0,0.00000,7,6.43063,1,5.65036,1,0.00000,0,0,0,0,0,0,1,1,0,0.00000,0,,758.06696,162.53247,0,
12,13.jpg,59,0.95898,5971323313581,0.20083,0.21596,0.63379,0.32520,4,1,0.26235,0.19218,1,0.99948,0.29537,0,,0.38149,0.53372,22.97667,1.08952,1,0.58844,0.51230,20.82355,1.08952,1,0,0.00000,7,5.94910,1,5.50605,1,0.00000,0,0,0,0,0,0,1,1,0,0.00000,0,,104.11720,185.13591,0,
12,13.jpg,72,1.16553,5971325378202,0.45744,0.19140,0.97070,0.19482,5,1,0.73712,0.25267,1,0.99948,0.29537,0,,0.38718,0.53360,22.57751,1.03730,1,0.59414,0.51293,20.90549,1.03730,1,0,0.00000,7,5.78294,1,5.23218,1,0.00000,0,0,0,0,0,0,1,1,0,0.00000,0,,493.40466,3.08163,0,
12,13.jpg,103,1.66650,5971330391546,0.71831,0.31757,1.22998,0.43652,6,1,0.72390,0.38659,1,0.99948,0.29537,0,,0.38835,0.53432,21.66897,0.99369,1,0.59510,0.51391,21.13015,0.99369,1,0,0.00000,7,5.61460,1,5.26079,1,0.00000,0,0,0,0,0,0,1,1,0,0.00000,0,,519.07501,344.78082,0,
12,13.jpg,122,1.97363,5971333459146,0.67222,0.30231,1.68311,0.29053,7,1,0.51610,0.20165,1,0.99948,0.29537,0,,0.38528,0.53310,22.19154,1.00786,1,0.59196,0.51209,21.05538,1.00786,1,0,0.00000,7,5.68239,1,5.37179,1,0.00000,0,0,0,0,0,0,1,1,0,0.00000,0,,90.01440,169.45016,0,
12,13.jpg,142,2.29688,5971336695510,0.18786,0.18953,2.03809,0.25879,8,1,0.19296,0.24385,1,0.99948,0.29537,0,,0.37939,0.53293,21.36422,1.00897,1,0.58589,0.51145,20.26357,0.99480,1,0,0.00000,7,5.64846,1,5.25451,1,0.00000,0,0,0,0,0,0,1,1,0,0.00000,0,,937.91376,172.53819,0,
12,13.jpg,161,2.60400,5971339764760,0.18105,0.24536,2.36230,0.24170,9,1,0.12053,0.18809,1,0.99948,0.29537,0,,0.37966,0.53315,21.50138,1.10585,1,0.58637,0.51166,20.30354,1.10585,1,0,0.00000,7,5.71306,1,5.30733,1,0.00000,0,0,0,0,0,0,1,1,0,0.00000,0,,61.69778,257.76492,0,
12,13.jpg,186,3.00830,5971343808764,0.17172,0.18620,2.62158,0.38672,10,1,0.29799,0.26098,1,0.99948,0.29537,0,,0.38025,0.53344,22.78715,0.98064,1,0.58688,0.51210,21.09686,0.98064,1,0,0.00000,7,5.93473,1,5.39094,1,0.00000,0,0,0,0,0,0,1,1,0,0.00000,0,,0.00000,0.00000,0,
13,14.jpg,25,0.40430,5971348033488,0.34128,0.28384,0.04736,0.35693,2,1,0.56597,0.27138,1,0.99948,0.29537,0,,0.38501,0.53294,23.07837,1.02314,1,0.59171,0.51213,20.77449,1.02314,1,0,0.00000,7,5.97491,1,5.33270,1,0.00000,0,0,0,0,0,0,1,1,0,0.00000,0,,342.20779,342.05225,0,
13,14.jpg,42,0.67773,5971350768018,0.53525,0.21742,0.46729,0.21045,3,1,0.35038,0.08481,1,0.99948,0.29537,0,,0.38334,0.53285,22.78759,1.14126,1,0.58991,0.51189,20.70508,1.15897,1,0,0.00000,7,5.90001,1,5.33922,1,0.00000,0,0,0,0,0,0,1,1,0,0.00000,0,,379.26797,10.90243,0,
13,14.jpg,63,1.01758,5971354163092,0.31901,0.14595,0.74219,0.27539,4,1,0.27148,0.32637,1,0.99948,0.29537,0,,0.38279,0.53446,23.22776,1.02203,1,0.58925,0.51348,21.81629,1.00786,1,0,0.00000,7,6.06655,1,5.52573,1,0.00000,0,0,0,0,0,0,1,1,0,0.00000,0,,422.29498,169.46819,0,
13,14.jpg,86,1.38916,5971357880659,0.25308,0.26000,1.08203,0.30713,5,1,0.25021,0.22133,1,0.99948,0.29537,0,,0.38356,0.53401,23.69739,1.04703,1,0.59004,0.51313,22.44912,1.06119,1,0,0.00000,7,6.21164,1,5.61448,1,0.00000,0,0,0,0,0,0,1,1,0,0.00000,0,,176.62315,224.21741,0,
13,14.jpg,124,2.00391,5971364028498,0.26522,0.22085,1.40576,0.59814,6,1,0.24340,0.15305,1,0.99948,0.29537,0,,0.38400,0.53383,24.43410,1.08953,1,0.59066,0.51326,22.70815,1.08953,1,0,0.00000,7,6.31700,1,5.65834,1,0.00000,0,0,0,0,0,0,1,1,0,0.00000,0,,48.28109,61.13342,0,
14,15.jpg,3,0.04785,5971364678942,0.26794,0.21957,0.00000,0.04786,1,1,0.30146,0.19818,1,0.99948,0.29537,0,,0.38421,0.53375,24.57580,1.06342,1,0.59087,0.51315,22.89893,1.06342,1,0,0.00000,7,6.38428,1,5.68907,1,0.00000,0,0,0,0,0,0,1,1,0,0.00000,0,,5.40231,14.82653,0,
14,15.jpg,28,0.45264,5971368724179,0.25441,0.26245,0.06396,0.38867,2,1,0.25240,0.22564,1,0.99948,0.29537,0,,0.38194,0.53367,24.28278,1.02203,1,0.58836,0.51224,22.67317,1.00786,1,0,0.00000,7,6.38261,1,5.67141,1,0.00000,0,0,0,0,0,0,1,1,0,0.00000,0,,53.09890,240.70993,0,
14,15.jpg,56,0.90527,5971373251031,0.27210,0.29379,0.46826,0.43701,3,1,0.33652,0.32779,1,0.99948,0.29537,0,,0.38529,0.53318,21.17518,1.03286,1,0.59214,0.51254,20.11913,1.04703,1,0,0.00000,7,5.61644,1,5.12408,1,0.00000,0,0,0,0,0,0,1,1,0,0.00000,0,,47.95041,315.09937,0,
14,15.jpg,92,1.48828,5971379080718,0.75953,0.26147,0.97119,0.51709,4,1,0.74968,0.23848,1,0.99948,0.29537,0,,0.39053,0.53261,20.41713,1.07647,1,0.59739,0.51259,19.00716,1.06231,1,0,0.00000,7,5.26170,1,4.63741,1,0.00000,0,0,0,0,0,0,1,1,0,0.00000,0,,936.51630,2.13601,0,
14,15.jpg,119,1.92432,5971383440056,0.76100,0.25752,1.55322,0.37109,5,1,0.49866,0.25721,1,0.99948,0.29537,0,,0.38753,0.53323,21.39009,1.00786,1,0.59433,0.51282,19.73183,1.00786,1,0,0.00000,7,5.51290,1,4.97423,1,0.00000,0,0,0,0,0,0,1,1,0,0.00000,0,,5.11516,56.51149,0,
14,15.jpg,143,2.31250,5971387321320,0.28798,0.21489,1.99121,0.32129,6,1,0.26917,0.26916,1,0.99948,0.29537,0,,0.38527,0.53440,21.57444,1.08953,1,0.59158,0.51362,20.78655,1.07536,1,0,0.00000,7,5.75631,1,5.18743,1,0.00000,0,0,0,0,0,0,1,1,0,0.00000,0,,909.36462,177.09793,0,
14,15.jpg,160,2.58691,5971390069211,0.27162,0.27704,2.32813,0.25879,7,1,0.23939,0.33371,1,0.99948,0.29537,0,,0.38659,0.53463,21.11715,1.08953,1,0.59297,0.51439,20.42393,1.08953,1,0,0.00000,7,5.53953,1,5.08851,1,0.00000,0,0,0,0,0,0,1,1,0,0.00000,0,,74.10818,244.92178,0,
14,15.jpg,179,2.89502,5971393150172,0.54113,0.29284,2.70068,0.19434,8,1,0.73522,0.34206,1,0.99948,0.29537,0,,0.39390,0.53309,21.31618,1.00786,1,0.60028,0.51402,20.89948,1.00786,1,0,0.00000,7,5.58292,1,5.01605,1,0.00000,0,0,0,0,0,0,1,1,0,0.00000,0,,517.74048,358.11127,0,
14,15.jpg,186,3.00830,5971394280268,0.74928,0.29932,2.95898,0.04932,9,1,0.77235,0.34031,1,0.99948,0.29537,0,,0.39255,0.53301,21.89844,0.98064,1,0.59896,0.51375,21.20871,0.98064,1,0,0.00000,7,5.61733,1,5.09508,1,0.00000,0,0,0,0,0,0,1,1,0,0.00000,0,,399.70923,358.99677,0,
15,16.jpg,21,0.34033,5971397841935,0.77597,0.31577,0.00000,0.34033,1,1,0.77848,0.30535,1,0.99948,0.29537,0,,0.39217,0.53297,22.58409,1.03731,1,0.59868,0.51385,21.73145,1.03731,1,0,0.00000,7,5.87589,1,5.30117,1,0.00000,0,0,0,0,0,0,1,1,0,0.00000,0,,54.23701,340.87915,0,
15,16.jpg,35,0.56592,5971400096838,0.67622,0.27061,0.35693,0.20898,2,1,0.51004,0.20578,1,0.99948,0.29537,0,,0.39034,0.53207,22.80284,1.04925,1,0.59699,0.51288,21.75046,1.03509,1,0,0.00000,7,5.99823,1,5.41734,1,0.00000,0,0,0,0,0,0,1,1,0,0.00000,0,,197.63261,165.71266,0,
15,16.jpg,59,0.95557,5971403991392,0.50360,0.23687,0.63037,0.32520,3,1,0.50272,0.31889,1,0.99948,0.29537,0,,0.38811,0.53411,23.28514,1.02092,1,0.59459,0.51455,22.36215,1.03509,1,0,0.00000,7,6.12436,1,5.37189,1,0.00000,0,0,0,0,0,0,1,1,0,0.00000,0,,333.42755,173.72580,0,
15,16.jpg,77,1.24561,5971406894049,0.47833,0.32940,0.97070,0.27490,4,1,0.49058,0.34338,1,0.99948,0.29537,0,,0.38846,0.53395,23.84010,1.06342,1,0.59466,0.51428,22.69971,1.06342,1,0,0.00000,7,6.21052,1,5.56834,1,0.00000,0,0,0,0,0,0,1,1,0,0.00000,0,,111.08791,244.10284,0,
15,16.jpg,106,1.71533,5971411593087,0.49168,0.32247,1.26221,0.45313,5,1,0.46558,0.25569,1,0.99948,0.29537,0,,0.39126,0.53085,24.35579,0.99481,1,0.59723,0.51176,22.90630,0.98064,1,0,0.00000,7,6.37674,1,5.48488,1,0.00000,0,0,0,0,0,0,1,1,0,0.00000,0,,26.70237,16.27751,0,
15,16.jpg,124,2.00635,5971414502926,0.51201,0.25152,1.73096,0.27539,6,1,0.51363,0.29053,1,0.99948,0.29537,0,,0.38868,0.53130,24.53237,1.08953,1,0.59466,0.51145,22.74759,1.07537,1,0,0.00000,7,6.38018,1,5.48342,1,0.00000,0,0,0,0,0,0,1,1,0,0.00000,0,,85.99514,63.00554,0,
16,17.jpg,5,0.07520,5971415464497,0.52143,0.25860,0.00000,0.07519,1,1,0.63571,0.30168,1,0.99948,0.29537,0,,0.38988,0.53107,24.96581,1.03620,1,0.59594,0.51153,23.08178,1.03620,1,0,0.00000,7,6.43129,1,5.59059,1,0.00000,0,0,0,0,0,0,1,1,0,0.00000,0,,19.63640,337.08289,0,
16,17.jpg,22,0.35059,5971418218741,0.61573,0.28569,0.14014,0.21045,2,1,0.57052,0.29638,1,0.99948,0.29537,0,,0.38958,0.53120,24.97972,1.05037,1,0.59533,0.51159,23.45724,1.05037,1,0,0.00000,7,6.49883,1,5.67758,1,0.00000,0,0,0,0,0,0,1,1,0,0.00000,0,,183.40454,350.82080,0,
16,17.jpg,26,0.41455,5971418856595,0.51959,0.29335,0.36621,0.04834,3,1,0.45789,0.30441,1,0.99948,0.29537,0,,0.38860,0.53111,25.06944,1.07648,1,0.59455,0.51128,23.35275,1.07648,1,0,0.00000,7,6.42955,1,5.65790,1,0.00000,0,0,0,0,0,0,1,1,0,0.00000,0,,184.77397,182.56613,0,
16,17.jpg,47,0.75830,5971422293031,0.25755,0.11432,0.47998,0.27832,4,1,0.64493,0.14376,0,0.99948,0.29537,0,,0.39145,0.53052,21.03211,1.03287,0,0.59800,0.51081,19.74228,1.03287,0,1232,0.00000,7,5.78096,0,5.08051,0,0.00000,0,0,0,0,0,0,1,1,0,0.00000,0,,538.99139,158.97778,0,
16,17.jpg,66,1.06250,5971425337904,0.69609,0.13121,1.01318,0.04932,5,1,0.47035,0.11226,1,0.99948,0.29537,0,,0.38953,0.52930,20.52976,0.98539,1,0.59639,0.51020,20.55122,0.98539,1,0,0.00000,8,5.79724,1,5.24435,1,0.00000,0,0,0,0,0,0,1,1,0,0.00000,0,,842.19440,358.75891,0,
16,17.jpg,84,1.35400,5971428253474,0.26946,0.10421,1.12695,0.22705,6,1,0.76155,0.10945,1,0.99948,0.29537,0,,0.39228,0.53019,22.34319,1.06342,1,0.59873,0.51043,20.63729,1.06342,1,0,0.00000,8,5.92574,1,5.21244,1,0.00000,0,0,0,0,0,0,1,1,0,0.00000,0,,819.64850,177.96120,0,
16,17.jpg,102,1.64404,5971431152667,0.69603,0.16621,1.41943,0.22461,7,1,0.20825,0.04261,1,0.99948,0.29537,0,,0.38654,0.53011,21.18576,1.12217,1,0.59351,0.51067,21.80137,1.12217,1,0,0.00000,8,6.03941,1,5.45768,1,0.00000,0,0,0,0,0,0,1,1,0,0.00000,0,,821.74719,355.32608,0,
16,17.jpg,119,1.92090,5971433918682,0.37138,0.21014,1.70898,0.21191,8,1,0.66856,0.21654,1,0.99948,0.29537,0,,0.39238,0.53126,22.99740,1.03287,1,0.59880,0.51209,21.81819,1.04703,1,0,0.00000,8,6.01022,1,5.33436,1,0.00000,0,0,0,0,0,0,1,1,0,0.00000,0,,625.13104,184.35266,0,
16,17.jpg,140,2.26270,5971437336429,0.60922,0.20120,1.98438,0.27832,9,1,0.22817,0.12879,0,0.99948,0.29537,0,,0.38553,0.53217,21.67389,1.14266,0,0.59211,0.51177,21.20597,1.16037,0,1233,0.00000,8,5.77496,0,5.54864,0,0.00000,0,0,0,0,0,0,1,1,0,0.00000,0,,456.75482,1.21125,0,
16,17.jpg,165,2.66260,5971441338523,0.21417,0.10064,2.47314,0.18945,10,1,0.19881,0.10222,1,0.99948,0.29537,0,,0.38468,0.53164,22.90556,1.06342,1,0.59125,0.51140,21.98044,1.06342,1,0,0.00000,9,6.03898,1,5.55242,1,0.00000,0,0,0,0,0,0,1,1,0,0.00000,0,,766.23175,171.85152,0,
16,17.jpg,178,2.87402,5971443448887,0.39130,0.17720,2.67969,0.19434,11,1,0.60977,0.27907,1,0.99948,0.29537,0,,0.39174,0.53112,23.13520,1.03287,1,0.59795,0.51168,21.89895,1.03287,1,0,0.00000,9,6.12400,1,5.34110,1,0.00000,0,0,0,0,0,0,1,1,0,0.00000,0,,349.99670,346.33499,0,
16,17.jpg,185,2.98828,5971444595441,0.66555,0.21447,2.93848,0.04980,12,1,0.66765,0.19602,1,0.99948,0.29537,0,,0.39228,0.53058,23.15136,1.02314,1,0.59852,0.51141,21.90324,1.03731,1,0,0.00000,9,6.09371,1,5.27221,1,0.00000,0,0,0,0,0,0,1,1,0,0.00000,0,,528.09625,355.62866,0,
17,18.jpg,8,0.12988,5971446034564,0.53681,0.18476,0.00000,0.12989,1,1,0.22784,0.20907,1,0.99948,0.29537,0,,0.38724,0.53116,22.88476,1.07648,1,0.59311,0.51094,21.81151,1.07648,1,0,0.00000,9,6.06631,1,5.37940,1,0.00000,0,0,0,0,0,0,1,1,0,0.00000,0,,249.25470,172.60373,0,
17,18.jpg,25,0.40430,5971448780096,0.36642,0.22099,0.19482,0.20947,2,1,0.68236,0.28790,1,0.99948,0.29537,0,,0.39231,0.53057,23.09816,1.00898,1,0.59847,0.51109,22.35720,1.02314,1,0,0.00000,9,5.95856,1,5.36957,1,0.00000,0,0,0,0,0,0,1,1,0,0.00000,0,,329.48038,186.82042,0,
17,18.jpg,42,0.67969,5971451532987,0.61057,0.32501,0.46924,0.21045,3,1,0.51928,0.43786,1,0.99948,0.29537,0,,0.39109,0.53297,23.67599,1.08953,1,0.59691,0.51348,22.34213,1.08953,1,0,0.00000,9,5.98011,1,5.50398,1,0.00000,0,0,0,0,0,0,1,1,0,0.00000,0,,482.04156,346.52307,0,
17,18.jpg,57,0.92432,5971453978051,0.57361,0.54892,0.74707,0.17725,4,1,0.56656,0.96556,0,0.99948,0.29537,0,,0.38959,0.53502,16.98324,0.98064,0,0.59492,0.51439,18.80872,0.98064,0,1234,0.00000,9,5.50347,0,5.35867,0,0.00000,0,0,0,0,0,0,1,1,0,0.00000,0,,252.01990,253.64560,0,
17,18.jpg,83,1.34277,5971458161165,0.46430,-0.11032,1.13574,0.20703,5,1,0.41261,-0.25986,1,0.99948,0.29537,0,,0.38820,0.52808,24.42585,1.12960,1,0.59430,0.50854,21.76322,1.12960,1,0,0.00000,10,6.35193,1,5.81909,1,0.00000,0,0,0,0,0,0,1,1,0,0.00000,0,,742.26807,106.42431,0,
17,18.jpg,100,1.61816,5971460918045,0.44790,-0.12627,1.36035,0.25781,6,1,0.44861,-0.16413,1,0.99948,0.29537,0,,0.38798,0.52685,24.12837,1.06120,1,0.59389,0.50715,20.87280,1.07537,1,0,0.00000,10,6.42147,1,5.66120,1,0.00000,0,0,0,0,0,0,1,1,0,0.00000,0,,35.89189,151.31842,0,
17,18.jpg,114,1.84424,5971463178360,0.42116,-0.31989,1.63379,0.21045,7,1,0.43843,-0.36225,1,0.99948,0.29537,0,,0.38759,0.52708,23.41096,1.22564,1,0.59369,0.50714,20.37246,1.22564,1,0,0.00000,10,6.21504,1,5.39171,1,0.00000,0,0,0,0,0,0,1,1,0,0.00000,0,,215.32001,103.79446,0,
17,18.jpg,118,1.90918,5971463825162,0.45090,-0.29527,1.86328,0.04590,8,1,0.44499,-0.20128,1,0.99948,0.29537,0,,0.38733,0.52745,23.55312,1.07377,1,0.59353,0.50738,20.12089,1.04189,1,0,0.00000,10,6.19039,1,5.40424,1,0.00000,0,0,0,0,0,0,1,1,0,0.00000,0,,62.98813,335.03046,0,
18,19.jpg,21,0.33936,5971468192965,0.45861,-0.05907,0.00000,0.33936,2,1,0.50524,0.02493,1,0.99948,0.29537,0,,0.38773,0.52950,23.80375,1.05037,1,0.59371,0.50918,21.15502,1.05037,1,0,0.00000,10,6.11605,1,5.32542,1,0.00000,0,0,0,0,0,0,1,1,0,0.00000,0,,255.52516,273.32117,0,
18,19.jpg,36,0.58203,5971470618712,0.57298,0.07801,0.35889,0.22314,3,1,0.62532,0.09909,1,0.99948,0.29537,0,,0.39006,0.53041,23.32742,1.07648,1,0.59613,0.51064,21.32948,1.07648,1,0,0.00000,10,5.99446,1,5.17134,1,0.00000,0,0,0,0,0,0,1,1,0,0.00000,0,,264.83521,326.01242,0,
18,19.jpg,59,0.95508,5971474351751,0.74957,0.09679,0.64795,0.30713,4,1,0.78580,0.40433,0,0.99948,0.29537,0,,0.39158,0.53140,19.38753,1.08953,0,0.59753,0.51094,19.57861,1.08953,0,1235,0.00000,10,5.65807,0,5.08480,0,0.00000,0,0,0,0,0,0,1,1,0,0.00000,0,,339.65897,356.57660,0,
18,19.jpg,84,1.35938,5971478394145,0.61446,0.08482,1.16797,0.19141,5,1,0.30427,0.10309,1,0.99948,0.29537,0,,0.38495,0.53226,23.23896,1.06120,1,0.59101,0.51173,22.18873,1.04703,1,0,0.00000,11,6.05554,1,5.58267,1,0.00000,0,0,0,0,0,0,1,1,0,0.00000,0,,259.73318,177.14706,0,
18,19.jpg,101,1.63330,5971481130293,0.34208,0.12474,1.42285,0.21045,6,1,0.74565,0.00253,1,0.99948,0.29537,0,,0.39430,0.53022,23.26685,1.17530,1,0.60061,0.51076,20.55420,1.15759,1,0,0.00000,11,6.05885,1,5.28661,1,0.00000,0,0,0,0,0,0,1,1,0,0.00000,0,,524.74377,184.71280,0,
18,19.jpg,139,2.24902,5971487288538,0.76030,0.12138,1.69775,0.55127,7,1,0.74730,0.19742,1,0.99948,0.29537,0,,0.39103,0.53043,22.71074,0.99481,1,0.59693,0.51069,21.66990,0.99481,1,0,0.00000,11,5.88499,1,5.42023,1,0.00000,0,0,0,0,0,0,1,1,0,0.00000,0,,802.99060,0.25893,0,
18,19.jpg,163,2.63574,5971491157475,0.75189,0.21619,2.26416,0.37158,8,1,0.68861,0.15616,1,0.99948,0.29537,0,,0.39350,0.52789,23.66129,0.99481,1,0.59902,0.50874,22.15571,0.99481,1,0,0.00000,11,6.12625,1,5.50040,1,0.00000,0,0,0,0,0,0,1,1,0,0.00000,0,,103.66015,261.03851,0,
19,20.jpg,9,0.14502,5971496336905,0.71071,0.10389,0.00000,0.14502,1,1,0.74210,0.19742,1,0.99948,0.29537,0,,0.39467,0.52639,23.97152,0.98064,1,0.59986,0.50788,21.99439,0.98064,1,0,0.00000,11,6.16815,1,5.45983,1,0.00000,0,0,0,0,0,0,1,1,0,0.00000,0,,144.77972,123.10050,0,
19,20.jpg,28,0.45215,5971499409985,0.67611,0.17696,0.16113,0.29102,2,1,0.58182,0.32421,1,0.99948,0.29537,0,,0.39465,0.52734,24.42415,0.99481,1,0.59957,0.50910,22.66368,0.98064,1,0,0.00000,11,6.36743,1,5.49114,1,0.00000,0,0,0,0,0,0,1,1,0,0.00000,0,,103.15466,229.90897,0,
19,20.jpg,44,0.71094,5971501996226,0.59367,0.09552,0.51807,0.19287,3,1,0.52966,-0.10218,1,0.99948,0.29537,0,,0.39398,0.52409,24.39925,1.08953,1,0.59913,0.50582,21.74497,1.08953,1,0,0.00000,11,6.48090,1,5.56543,1,0.00000,0,0,0,0,0,0,1,1,0,0.00000,0,,181.08063,150.94008,0,
19,20.jpg,73,1.18018,5971506689503,0.45115,-0.24098,0.77588,0.40430,4,1,0.38185,-0.40716,1,0.99948,0.29537,0,,0.39375,0.52364,24.28636,1.20794,1,0.59865,0.50545,22.14316,1.22564,1,0,0.00000,11,6.47043,1,5.66483,1,0.00000,0,0,0,0,0,0,1,1,0,0.00000,0,,454.91983,126.97806,0,
19,20.jpg,91,1.47217,5971509609126,0.42847,-0.28768,1.24463,0.22754,5,1,0.41238,-0.25228,1,0.99948,0.29537,0,,0.39479,0.52328,24.72255,1.08953,1,0.59957,0.50528,22.32667,1.08953,1,0,0.00000,11,6.50915,1,5.73449,1,0.00000,0,0,0,0,0,0,1,1,0,0.00000,0,,66.63344,130.80681,0,
19,20.jpg,112,1.81299,5971513017778,0.44824,-0.19503,1.48730,0.32568,6,1,0.45462,-0.10796,0,0.99948,0.29537,0,,0.39694,0.52325,22.44576,1.08953,0,0.60156,0.50538,21.75406,1.08953,0,1236,0.00000,11,6.29096,0,5.72852,0,0.00000,0,0,0,0,0,0,1,1,0,0.00000,0,,107.01986,290.77423,0,
20,21.jpg,15,0.24609,5971517551890,0.44114,-0.00781,0.04980,0.19629,2,1,0.44869,0.32793,1,0.99948,0.29537,0,,0.39319,0.52866,23.83671,1.04926,1,0.59801,0.51038,22.68321,1.03509,1,0,0.00000,12,6.28109,1,5.57351,1,0.00000,0,0,0,0,0,0,1,1,0,0.00000,0,,202.65662,266.14297,0,
20,21.jpg,34,0.55469,5971520639779,0.43243,0.23897,0.30908,0.24561,3,1,0.37925,0.23730,1,0.99948,0.29537,0,,0.39358,0.52658,22.01624,1.02203,1,0.59880,0.50878,21.45797,1.00787,1,0,0.00000,12,5.75217,1,5.33614,1,0.00000,0,0,0,0,0,0,1,1,0,0.00000,0,,267.04654,266.40964,0,
20,21.jpg,47,0.76172,5971522707482,0.53806,0.12844,0.56836,0.19336,4,1,0.65902,0.02858,1,0.99948,0.29537,0,,0.39724,0.52648,21.07220,1.17856,1,0.60228,0.50887,20.23254,1.16439,1,0,0.00000,12,5.42987,1,4.92363,1,0.00000,0,0,0,0,0,0,1,1,0,0.00000,0,,235.33273,30.48079,0,
20,21.jpg,78,1.26270,5971527718021,0.73849,0.17077,0.82666,0.43604,5,1,0.59327,0.10701,1,0.99948,0.29537,0,,0.39583,0.52640,22.10450,1.07967,1,0.60127,0.50854,21.00848,1.09384,1,0,0.00000,12,5.77173,1,5.32013,1,0.00000,0,0,0,0,0,0,1,1,0,0.00000,0,,387.53156,353.22513,0,
20,21.jpg,99,1.60156,5971531109552,0.15572,0.11756,1.32715,0.27441,6,1,0.16477,0.26091,1,0.99948,0.29537,0,,0.38907,0.52849,22.15388,1.08953,1,0.59419,0.50936,21.97011,1.08953,1,0,0.00000,12,5.89121,1,5.37782,1,0.00000,0,0,0,0,0,0,1,1,0,0.00000,0,,1120.39307,177.05991,0,
20,21.jpg,119,1.92529,5971534346206,0.17468,0.27249,1.61816,0.30713,7,1,0.22594,0.42805,1,0.99948,0.29537,0,,0.38960,0.52739,22.59578,0.99481,1,0.59448,0.50858,22.06633,0.98064,1,0,0.00000,12,6.01681,1,5.39618,1,0.00000,0,0,0,0,0,0,1,1,0,0.00000,0,,171.23856,282.27405,0,
20,21.jpg,145,2.34570,5971538550680,0.23014,0.39623,1.99170,0.35400,8,1,0.17365,0.32034,1,0.99948,0.29537,0,,0.39005,0.52665,23.24719,1.08953,1,0.59464,0.50756,22.68440,1.08953,1,0,0.00000,12,6.26338,1,5.55470,1,0.00000,0,0,0,0,0,0,1,1,0,0.00000,0,,170.87457,308.54770,0,
20,21.jpg,174,2.81543,5971543245866,0.17898,0.30372,2.41211,0.40332,9,1,0.23223,0.38293,1,0.99948,0.29537,0,,0.39131,0.52632,23.62032,0.98064,1,0.59582,0.50798,22.77386,0.98064,1,0,0.00000,12,6.38687,1,5.60290,1,0.00000,0,0,0,0,0,0,1,1,0,0.00000,0,,140.10977,134.51317,0,
20,21.jpg,184,2.97754,5971544866606,0.68125,0.16248,2.92871,0.04883,10,1,0.74226,0.20058,1,0.99948,0.29537,0,,0.39944,0.52477,24.18193,1.22564,1,0.60404,0.50776,22.43347,1.22564,1,0,0.00000,12,6.36014,1,5.52137,1,0.00000,0,0,0,0,0,0,1,1,0,0.00000,0,,976.34796,8.98840,0,
21,22.jpg,18,0.28809,5971547930641,0.71070,0.16690,0.00000,0.28809,1,1,0.60591,0.14451,1,0.99948,0.29537,0,,0.39783,0.52426,24.15152,1.19627,1,0.60267,0.50704,22.04954,1.16439,1,0,0.00000,12,6.32141,1,5.51625,1,0.00000,0,0,0,0,0,0,1,1,0,0.00000,0,,56.74509,355.17438,0,
21,22.jpg,46,0.74121,5971552460043,0.49213,0.17847,0.35352,0.38770,2,1,0.50085,0.29630,1,0.99948,0.29537,0,,0.39560,0.52598,23.56116,1.08189,1,0.60012,0.50855,22.16481,1.06773,1,0,0.00000,12,6.23046,1,5.55229,1,0.00000,0,0,0,0,0,0,1,1,0,0.00000,0,,419.84030,181.70554,0,
21,22.jpg,79,1.27539,5971557799664,0.45321,0.30119,0.80664,0.46875,3,1,0.48618,0.27451,1,0.99948,0.29537,0,,0.39604,0.52550,24.43101,1.08953,1,0.60054,0.50838,23.33290,1.08953,1,0,0.00000,12,6.48685,1,5.79894,1,0.00000,0,0,0,0,0,0,1,1,0,0.00000,0,,152.15207,240.58513,0,
21,22.jpg,96,1.55029,5971560551229,0.50395,0.25638,1.29395,0.25635,4,1,0.51541,0.29981,1,0.99948,0.29537,0,,0.39760,0.52460,24.36858,0.98064,1,0.60216,0.50791,23.45827,0.98064,1,0,0.00000,12,6.54409,1,5.89940,1,0.00000,0,0,0,0,0,0,1,1,0,0.00000,0,,108.77898,26.41638,0,
21,22.jpg,110,1.77881,5971562834703,0.52591,0.15658,1.56641,0.21240,5,1,0.53292,0.14675,1,0.99948,0.29537,0,,0.39837,0.52515,24.92662,1.22564,1,0.60273,0.50827,23.47643,1.22564,1,0,0.00000,11,6.60514,1,5.86963,1,0.00000,0,0,0,0,0,0,1,1,0,0.00000,0,,115.73732,68.63541,0,
21,22.jpg,125,2.01904,5971565240381,0.53742,0.17786,1.79297,0.22607,6,1,0.52972,0.16827,1,0.99948,0.29537,0,,0.39969,0.52431,25.08397,1.14127,1,0.60385,0.50781,23.95313,1.12356,1,0,0.00000,11,6.56202,1,5.81123,1,0.00000,0,0,0,0,0,0,1,1,0,0.00000,0,,0.00000,0.00000,0,
22,23.jpg,12,0.19531,5971567351312,0.49622,0.37403,0.00000,0.19531,2,1,0.49590,0.51544,1,0.99948,0.29537,0,,0.39902,0.52649,24.87616,1.08953,1,0.60299,0.51020,24.11362,1.08953,1,0,0.00000,11,6.52510,1,5.91025,1,0.00000,0,0,0,0,0,0,1,1,0,0.00000,0,,226.14954,249.52579,0,
22,23.jpg,20,0.32373,5971568637533,0.43102,0.40081,0.25977,0.06396,3,1,0.45510,0.20053,1,0.99948,0.29537,0,,0.39963,0.52419,25.23310,1.13849,1,0.60353,0.50812,24.07098,1.13849,1,0,0.00000,11,6.61011,1,5.91943,1,0.00000,0,0,0,0,0,0,1,1,0,0.00000,0,,128.48163,193.00929,0,
22,23.jpg,39,0.63184,5971571716547,0.51055,0.22378,0.38867,0.24316,4,1,0.55720,0.24464,1,0.99948,0.29537,0,,0.39835,0.52293,23.92226,0.98064,1,0.60256,0.50636,22.19600,0.98064,1,0,0.00000,11,6.26015,1,5.60314,1,0.00000,0,0,0,0,0,0,1,1,0,0.00000,0,,244.68573,51.38705,0,
22,23.jpg,55,0.89063,5971574303707,0.56531,0.14012,0.64795,0.24268,5,1,0.51158,-0.08711,1,0.99948,0.29537,0,,0.39808,0.52234,22.75522,1.22564,1,0.60233,0.50566,20.91211,1.22564,1,0,0.00000,11,5.92227,1,5.26708,1,0.00000,0,0,0,0,0,0,1,1,0,0.00000,0,,138.62859,40.67456,0,
22,23.jpg,59,0.95508,5971574949337,0.64199,0.09215,0.90576,0.04932,6,1,0.76248,0.20575,1,0.99948,0.29537,0,,0.40011,0.52256,22.70410,1.07377,1,0.60424,0.50613,20.45992,1.04189,1,0,0.00000,11,5.97994,1,5.20967,1,0.00000,0,0,0,0,0,0,1,1,0,0.00000,0,,156.07498,19.38659,0,
22,23.jpg,86,1.39209,5971579321187,0.75712,0.21207,0.97021,0.42188,7,1,0.73532,0.12828,1,0.99948,0.29537,0,,0.40073,0.52229,23.36846,1.08953,1,0.60480,0.50590,21.70284,1.08953,1,0,0.00000,11,6.05646,1,5.47514,1,0.00000,0,0,0,0,0,0,1,1,0,0.00000,0,,256.19656,329.63385,0,
22,23.jpg,101,1.63525,5971581754385,0.77748,0.07610,1.40771,0.22754,8,1,0.75961,-0.08537,1,0.99948,0.29537,0,,0.40068,0.52254,23.55426,1.22564,1,0.60482,0.50631,22.24219,1.22564,1,0,0.00000,11,6.13339,1,5.54688,1,0.00000,0,0,0,0,0,0,1,1,0,0.00000,0,,151.96164,75.09342,0,
22,23.jpg,139,2.24951,5971587892644,0.74365,0.18872,1.74902,0.50049,9,1,0.74199,0.30829,1,0.99948,0.29537,0,,0.40036,0.52342,23.36622,0.98064,1,0.60453,0.50700,21.56642,0.98064,1,0,0.00000,11,6.01340,1,5.44291,1,0.00000,0,0,0,0,0,0,1,1,0,0.00000,0,,137.88666,241.89653,0,
22,23.jpg,152,2.46240,5971590022955,0.76077,0.11834,2.26514,0.19727,10,1,0.74829,0.11180,1,0.99948,0.29537,0,,0.40091,0.52349,23.20351,1.08953,1,0.60502,0.50726,21.58350,1.08953,1,0,0.00000,11,5.98911,1,5.45084,1,0.00000,0,0,0,0,0,0,1,1,0,0.00000,0,,82.81334,66.61407,0,
22,23.jpg,169,2.73340,5971592733486,0.69190,0.19764,2.52344,0.20996,11,1,0.58804,0.03793,1,0.99948,0.29537,0,,0.39894,0.52281,22.60519,1.04925,1,0.60272,0.50610,21.73017,1.03509,1,0,0.00000,11,6.05575,1,5.52898,1,0.00000,0,0,0,0,0,0,1,1,0,0.00000,0,,157.54298,212.93062,0,
22,23.jpg,184,2.97900,5971595188616,0.58821,0.13330,2.74951,0.22949,12,1,0.57429,0.12903,1,0.99948,0.29537,0,,0.39840,0.52353,22.93479,1.02092,1,0.60207,0.50660,21.84428,1.03509,1,0,0.00000,11,6.06963,1,5.53214,1,0.00000,0,0,0,0,0,0,1,1,0,0.00000,0,,210.86308,160.75932,0,
23,24.jpg,6,0.09863,5971596318813,0.58020,0.09170,0.00000,0.09864,1,1,0.53032,-0.11520,1,0.99948,0.29537,0,,0.39854,0.52354,23.32433,1.17391,1,0.60209,0.50651,22.37031,1.19161,1,0,0.00000,11,6.06598,1,5.51858,1,0.00000,0,0,0,0,0,0,1,1,0,0.00000,0,,47.48730,108.89641,0,
23,24.jpg,21,0.33887,5971598720465,0.63999,0.04452,0.11230,0.22656,2,1,0.75572,0.08822,1,0.99948,0.29537,0,,0.40223,0.52304,23.86735,1.14127,1,0.60568,0.50673,21.93975,1.12356,1,0,0.00000,11,6.16888,1,5.57914,1,0.00000,0,0,0,0,0,0,1,1,0,0.00000,0,,125.59716,23.93482,0,
23,24.jpg,46,0.74268,5971602759407,0.71604,0.19547,0.40332,0.33936,3,1,0.72535,0.19049,1,0.99948,0.29537,0,,0.40025,0.52397,24.29045,1.12432,1,0.60400,0.50736,22.16527,1.13849,1,0,0.00000,11,6.21172,1,5.62907,1,0.00000,0,0,0,0,0,0,1,1,0,0.00000,0,,218.85652,311.84958,0,
23,24.jpg,59,0.95313,5971604864820,0.53912,0.12202,0.75977,0.19336,4,1,0.30381,0.00900,1,0.99948,0.29537,0,,0.39366,0.52316,24.59108,1.04925,1,0.59721,0.50514,22.86133,1.03509,1,0,0.00000,11,6.43135,1,5.83160,1,0.00000,0,0,0,0,0,0,1,1,0,0.00000,0,,348.82584,166.85544,0,
23,24.jpg,77,1.24512,5971607783506,0.34592,0.04717,1.01855,0.22656,5,1,0.52467,0.04850,1,0.99948,0.29537,0,,0.39729,0.52179,24.73873,0.98064,1,0.60117,0.50471,23.15170,0.98064,1,0,0.00000,11,6.50383,1,5.85430,1,0.00000,0,0,0,0,0,0,1,1,0,0.00000,0,,379.65024,167.70602,0,
23,24.jpg,94,1.52197,5971610548605,0.51099,0.18418,1.30908,0.21289,6,1,0.55114,0.53306,1,0.99948,0.29537,0,,0.39773,0.52737,25.21482,1.06231,1,0.60087,0.51028,23.77913,1.06231,1,0,0.00000,11,6.47887,1,5.85437,1,0.00000,0,0,0,0,0,0,1,1,0,0.00000,0,,349.77536,334.97299,0,
23,24.jpg,112,1.81152,5971613444115,0.57302,0.47471,1.58496,0.22656,7,1,0.70765,0.18483,1,0.99948,0.29537,0,,0.39910,0.52433,25.10744,1.07536,1,0.60257,0.50745,23.17027,1.08953,1,0,0.00000,11,6.52193,1,5.80004,1,0.00000,0,0,0,0,0,0,1,1,0,0.00000,0,,335.61481,290.78510,0,
23,24.jpg,124,2.00439,5971615376558,0.71067,0.20908,1.87500,0.12939,8,1,0.67220,0.20811,1,0.99948,0.29537,0,,0.39947,0.52417,25.20082,1.08953,1,0.60318,0.50737,22.95010,1.08953,1,0,0.00000,10,6.54690,1,5.83011,1,0.00000,0,0,0,0,0,0,1,1,0,0.00000,0,,390.06213,47.34724,0,
24,25.jpg,8,0.12988,5971616846310,0.67458,0.19666,0.00000,0.12989,1,1,0.59934,0.16840,1,0.99948,0.29537,0,,0.39817,0.52351,25.55051,1.07647,1,0.60187,0.50654,23.01641,1.06231,1,0,0.00000,10,6.60212,1,5.89194,1,0.00000,0,0,0,0,0,0,1,1,0,0.00000,0,,70.57908,169.04425,0,
24,25.jpg,24,0.38721,5971619419622,0.57284,0.24549,0.14502,0.24219,2,1,0.39553,0.19296,1,0.99948,0.29537,0,,0.39553,0.52319,25.07694,0.98064,1,0.59919,0.50573,23.53537,0.98064,1,0,0.00000,10,6.55400,1,5.84591,1,0.00000,0,0,0,0,0,0,1,1,0,0.00000,0,,202.33429,195.10803,0,
24,25.jpg,42,0.68018,5971622349526,0.33321,0.10176,0.45215,0.22803,3,1,0.26859,-0.00960,1,0.99948,0.29537,0,,0.39391,0.52338,22.41889,1.13988,1,0.59762,0.50568,21.57782,1.15759,1,0,0.00000,10,5.96038,1,5.38856,1,0.00000,0,0,0,0,0,0,1,1,0,0.00000,0,,485.57007,161.35625,0,
24,25.jpg,58,0.93750,5971624921968,0.29389,0.05799,0.74561,0.19189,4,1,0.30782,0.12974,1,0.99948,0.29537,0,,0.39355,0.52292,21.62000,0.98064,1,0.59737,0.50521,20.76568,0.98064,1,0,0.00000,10,5.78140,1,5.36371,1,0.00000,0,0,0,0,0,0,1,1,0,0.00000,0,,89.07304,147.94682,0,
24,25.jpg,71,1.14795,5971627024135,0.51909,0.08498,0.95361,0.19434,5,1,0.63431,0.11583,1,0.99948,0.29537,0,,0.39891,0.52340,21.66568,1.07647,1,0.60270,0.50655,20.31345,1.06231,1,0,0.00000,10,5.65601,1,5.04676,1,0.00000,0,0,0,0,0,0,1,1,0,0.00000,0,,433.36542,356.14325,0,
24,25.jpg,119,1.92432,5971634786847,0.70332,0.27704,1.35938,0.56494,6,1,0.80834,0.11024,1,0.99948,0.29537,0,,0.40180,0.52393,23.03579,1.17745,1,0.60489,0.50753,21.04688,1.19161,1,0,0.00000,10,6.00215,1,5.24342,1,0.00000,0,0,0,0,0,0,1,1,0,0.00000,0,,410.05380,329.61237,0,
24,25.jpg,149,2.41064,5971639652090,0.78093,0.23425,1.94043,0.47021,7,1,0.79247,0.29055,1,0.99948,0.29537,0,,0.40350,0.52319,23.94669,0.98064,1,0.60675,0.50752,22.16464,0.98064,1,0,0.00000,9,6.23582,1,5.48335,1,0.00000,0,0,0,0,0,0,1,1,0,0.00000,0,,156.01273,17.23037,0,
24,25.jpg,180,2.91162,5971644661055,0.77950,0.25251,2.42578,0.48584,8,1,0.75940,0.21524,1,0.99948,0.29537,0,,0.40120,0.52325,24.55929,1.12217,1,0.60455,0.50712,22.54160,1.12217,1,0,0.00000,9,6.36504,1,5.72506,1,0.00000,0,0,0,0,0,0,1,1,0,0.00000,0,,19.91104,262.07404,0,
25,26.jpg,13,0.21240,5971647746453,0.64513,0.33346,0.00000,0.21240,2,1,0.67144,0.41949,1,0.99948,0.29537,0,,0.39886,0.52416,24.69838,0.98064,1,0.60219,0.50728,23.11948,0.98064,1,0,0.00000,9,6.36316,1,5.74465,1,0.00000,0,0,0,0,0,0,1,1,0,0.00000,0,,272.40115,198.72012,0,
25,26.jpg,33,0.53613,5971650983614,0.59804,0.28974,0.22607,0.31006,3,1,0.45346,0.15858,1,0.99948,0.29537,0,,0.39588,0.52273,23.64151,1.04925,1,0.59921,0.50542,22.75635,1.03508,1,0,0.00000,8,6.19133,1,5.67565,1,0.00000,0,0,0,0,0,0,1,1,0,0.00000,0,,101.99982,152.42441,0,
25,26.jpg,53,0.86084,5971654233403,0.43697,0.20609,0.59961,0.26123,4,1,0.39832,-0.01706,1,0.99948,0.29537,0,,0.39547,0.52317,23.32532,1.17744,1,0.59886,0.50581,22.74772,1.19161,1,0,0.00000,8,6.12001,1,5.57258,1,0.00000,0,0,0,0,0,0,1,1,0,0.00000,0,,322.17999,163.71542,0,
25,26.jpg,73,1.18066,5971657431921,0.43137,0.11685,0.92236,0.25830,5,1,0.44930,0.08734,1,0.99948,0.29537,0,,0.39767,0.52243,23.77753,1.08953,1,0.60113,0.50565,22.61744,1.08953,1,0,0.00000,8,6.20184,1,5.71379,1,0.00000,0,0,0,0,0,0,1,1,0,0.00000,0,,96.97710,96.36557,0,
25,26.jpg,109,1.76367,5971663261598,0.48040,0.11897,1.19727,0.56641,6,1,0.49954,0.11453,1,0.99948,0.29537,0,,0.39970,0.52223,24.49006,1.07751,1,0.60286,0.50575,23.41038,1.09168,1,0,0.00000,8,6.41872,1,5.79262,1,0.00000,0,0,0,0,0,0,1,1,0,0.00000,0,,94.16541,358.60675,0,
25,26.jpg,124,2.00537,5971665680004,0.48088,0.08085,1.77930,0.22607,7,1,0.47638,0.09321,1,0.99948,0.29537,0,,0.40026,0.52243,24.46928,1.08953,1,0.60355,0.50617,23.28693,1.08953,1,0,0.00000,8,6.38375,1,5.86933,1,0.00000,0,0,0,0,0,0,1,1,0,0.00000,0,,41.17991,88.71758,0,
26,27.jpg,15,0.24902,5971668338353,0.47879,0.07016,0.00000,0.24903,1,1,0.45848,0.02837,0,0.99948,0.29537,0,,0.40093,0.52156,24.08402,0.99481,0,0.60423,0.50574,23.34689,0.98064,0,1237,0.00000,8,6.34618,0,5.87632,0,0.00000,0,0,0,0,0,0,1,1,0,0.00000,0,,12.22270,109.16616,0,
26,27.jpg,41,0.66357,5971672485625,0.27578,0.14071,0.45557,0.20801,2,1,0.18923,0.11144,1,0.99948,0.29537,0,,0.39248,0.52228,22.49389,1.08953,1,0.59581,0.50472,22.53195,1.08953,1,0,0.00000,9,6.04195,1,5.65712,1,0.00000,0,0,0,0,0,0,1,1,0,0.00000,0,,397.15665,191.06070,0,
26,27.jpg,70,1.13379,5971677184257,0.22014,0.20467,0.82373,0.31006,3,1,0.23759,0.07922,1,0.99948,0.29537,0,,0.39436,0.52240,22.24186,1.08953,1,0.59775,0.50522,21.39130,1.08953,1,0,0.00000,9,5.88879,1,5.37669,1,0.00000,0,0,0,0,0,0,1,1,0,0.00000,0,,127.21631,212.88721,0,
26,27.jpg,88,1.42236,5971680073953,0.21394,0.01702,1.19678,0.22559,4,1,0.25580,0.03624,1,0.99948,0.29537,0,,0.39452,0.52237,22.70707,1.13987,1,0.59791,0.50546,21.91126,1.15758,1,0,0.00000,9,6.01494,1,5.52066,1,0.00000,0,0,0,0,0,0,1,1,0,0.00000,0,,203.01129,93.36159,0,
26,27.jpg,102,1.65137,5971682364553,0.23336,0.10392,1.43896,0.21240,5,1,0.26276,0.24191,1,0.99948,0.29537,0,,0.39380,0.52243,22.78574,0.99369,1,0.59716,0.50526,22.35599,1.00786,1,0,0.00000,9,6.10419,1,5.58175,1,0.00000,0,0,0,0,0,0,1,1,0,0.00000,0,,100.98750,291.66742,0,
26,27.jpg,116,1.87598,5971684606707,0.18113,0.07081,1.66650,0.20947,6,1,0.12295,0.02132,1,0.99948,0.29537,0,,0.39326,0.52364,23.13432,1.17390,1,0.59644,0.50637,22.48006,1.19161,1,0,0.00000,9,6.11532,1,5.69545,1,0.00000,0,0,0,0,0,0,1,1,0,0.00000,0,,106.46637,160.37459,0,
26,27.jpg,132,2.13525,5971687200906,0.16710,0.09873,1.89160,0.24365,7,1,0.24215,0.25935,1,0.99948,0.29537,0,,0.39418,0.52324,23.53568,1.01251,1,0.59729,0.50626,22.39228,0.98064,1,0,0.00000,9,6.24949,1,5.68720,1,0.00000,0,0,0,0,0,0,1,1,0,0.00000,0,,40.43359,228.22409,0,
26,27.jpg,150,2.42529,5971690102908,0.17188,0.25423,2.20020,0.22510,8,1,0.16012,0.29631,1,0.99948,0.29537,0,,0.39325,0.52366,23.62013,0.99480,1,0.59634,0.50670,22.30032,0.98064,1,0,0.00000,9,6.23278,1,5.71484,1,0.00000,0,0,0,0,0,0,1,1,0,0.00000,0,,168.19058,273.12799,0,
26,27.jpg,177,2.86279,5971694478271,0.17393,0.28996,2.44238,0.42041,9,1,0.28853,0.20294,1,0.99948,0.29537,0,,0.39583,0.52330,24.13910,0.99369,1,0.59878,0.50682,23.43765,1.00786,1,0,0.00000,9,6.33638,1,5.86872,1,0.00000,0,0,0,0,0,0,1,1,0,0.00000,0,,38.78863,275.82401,0,
26,27.jpg,185,2.99316,5971695779526,0.22050,0.18455,2.92773,0.06543,10,1,0.23936,0.20200,1,0.99948,0.29537,0,,0.39627,0.52321,24.26044,1.07376,1,0.59926,0.50680,23.44542,1.10564,1,0,0.00000,9,6.36519,1,5.81383,1,0.00000,0,0,0,0,0,0,1,1,0,0.00000,0,,144.75882,51.85320,0,
27,28.jpg,29,0.47070,5971700641793,0.24467,0.15984,0.00000,0.47071,1,1,0.28264,0.24337,1,0.99948,0.29537,0,,0.39796,0.52279,24.02170,1.02203,1,0.60072,0.50679,23.93537,1.00786,1,0,0.00000,9,6.40040,1,5.85349,1,0.00000,0,0,0,0,0,0,1,1,0,0.00000,0,,53.53260,29.90179,0,
27,28.jpg,54,0.87256,5971704664161,0.40801,0.21443,0.58154,0.29102,2,1,0.50739,0.20300,1,0.99948,0.29537,0,,0.40099,0.52217,24.05486,1.07536,1,0.60383,0.50658,23.64425,1.08953,1,0,0.00000,9,6.31673,1,5.90244,1,0.00000,0,0,0,0,0,0,1,1,0,0.00000,0,,319.10648,349.35303,0,
27,28.jpg,80,1.29395,5971708875199,0.47245,0.16299,0.88965,0.40430,3,1,0.41156,0.11940,1,0.99948,0.29537,0,,0.39895,0.52332,24.32602,1.22564,1,0.60184,0.50707,23.29786,1.22564,1,0,0.00000,9,6.51685,1,5.90524,1,0.00000,0,0,0,0,0,0,1,1,0,0.00000,0,,135.62524,24.18115,0,
27,28.jpg,98,1.58398,5971711777371,0.47763,0.23477,1.31152,0.27246,4,1,0.52043,0.21173,1,0.99948,0.29537,0,,0.39929,0.52298,24.60416,1.08953,1,0.60238,0.50692,23.95526,1.08953,1,0,0.00000,9,6.54630,1,5.93219,1,0.00000,0,0,0,0,0,0,1,1,0,0.00000,0,,78.15777,277.31070,0,
27,28.jpg,124,2.00488,5971715986265,0.48890,0.23164,1.60059,0.40430,5,1,0.54043,0.37355,1,0.99948,0.29537,0,,0.39940,0.52369,24.44569,0.98064,1,0.60261,0.50768,23.68493,0.98064,1,0,0.00000,9,6.49921,1,5.96212,1,0.00000,0,0,0,0,0,0,1,1,0,0.00000,0,,0.00000,0.00000,0,
28,29.jpg,13,0.21094,5971718249467,0.54990,0.19968,0.00000,0.21094,2,1,0.48036,0.06245,1,0.99948,0.29537,0,,0.40059,0.52296,24.97021,1.20932,1,0.60364,0.50726,23.86626,1.19161,1,0,0.00000,9,6.52489,1,5.95162,1,0.00000,0,0,0,0,0,0,1,1,0,0.00000,0,,122.10037,16.42093,0,
28,29.jpg,27,0.43896,5971720530179,0.43941,0.19549,0.22705,0.21191,3,1,0.33553,0.17570,1,0.99948,0.29537,0,,0.39755,0.52284,24.20556,1.08953,1,0.60060,0.50661,23.65113,1.08953,1,0,0.00000,9,6.50413,1,5.85997,1,0.00000,0,0,0,0,0,0,1,1,0,0.00000,0,,212.18907,178.77800,0,
28,29.jpg,41,0.66309,5971722772514,0.30599,0.09706,0.45508,0.20801,4,1,0.26040,0.02612,1,0.99948,0.29537,0,,0.39622,0.52232,22.06588,1.14064,1,0.59920,0.50586,21.15125,1.12647,1,0,0.00000,9,5.92891,1,5.35157,1,0.00000,0,0,0,0,0,0,1,1,0,0.00000,0,,277.34787,157.46245,0,
28,29.jpg,55,0.89209,5971725063623,0.40028,0.07735,0.68066,0.21143,5,1,0.68007,0.01178,1,0.99948,0.29537,0,,0.40266,0.52165,21.75329,1.10814,1,0.60570,0.50646,19.77099,1.10814,1,0,0.00000,9,5.68414,1,5.02067,1,0.00000,0,0,0,0,0,0,1,1,0,0.00000,0,,182.28400,6.70620,0,
28,29.jpg,88,1.42334,5971730375885,0.75773,0.00182,0.95508,0.46826,6,1,0.79340,-0.16820,1,0.99948,0.29537,0,,0.40493,0.52092,21.47136,1.20793,1,0.60794,0.50562,18.99422,1.22564,1,0,0.00000,8,5.58897,1,4.95767,1,0.00000,0,0,0,0,0,0,1,1,0,0.00000,0,,691.13470,6.77824,0,
28,29.jpg,101,1.63428,5971732484122,0.72621,0.07115,1.43994,0.19434,7,1,0.70914,0.12121,1,0.99948,0.29537,0,,0.40255,0.52255,22.08067,1.08953,1,0.60519,0.50690,19.99378,1.08953,1,0,0.00000,8,5.69861,1,5.03824,1,0.00000,0,0,0,0,0,0,1,1,0,0.00000,0,,96.27534,231.05338,0,
28,29.jpg,121,1.95703,5971735713721,0.66594,0.13889,1.64990,0.30713,8,1,0.65425,0.23458,1,0.99948,0.29537,0,,0.40190,0.52272,22.15947,0.99481,1,0.60458,0.50668,21.07280,0.98064,1,0,0.00000,8,5.69225,1,5.18359,1,0.00000,0,0,0,0,0,0,1,1,0,0.00000,0,,136.90523,212.30177,0,
28,29.jpg,137,2.21680,5971738310100,0.59803,0.28984,1.97363,0.24316,9,1,0.46451,0.31222,1,0.99948,0.29537,0,,0.39955,0.52403,22.41545,1.08953,1,0.60187,0.50778,21.70169,1.08953,1,0,0.00000,8,5.83075,1,5.29641,1,0.00000,0,0,0,0,0,0,1,1,0,0.00000,0,,208.75417,231.34738,0,
28,29.jpg,158,2.55664,5971741708642,0.42637,0.24342,2.28076,0.27588,10,1,0.33166,0.18958,1,0.99948,0.29537,0,,0.39810,0.52439,22.91602,1.22564,1,0.60062,0.50770,21.88012,1.22564,1,0,0.00000,8,6.08339,1,5.37147,1,0.00000,0,0,0,0,0,0,1,1,0,0.00000,0,,333.37827,171.35103,0,
28,29.jpg,173,2.79834,5971744123771,0.37801,0.29888,2.57520,0.22314,11,1,0.37553,0.32378,1,0.99948,0.29537,0,,0.39687,0.52453,22.53724,1.08953,1,0.59952,0.50753,21.14559,1.08953,1,0,0.00000,8,5.88408,1,5.23687,1,0.00000,0,0,0,0,0,0,1,1,0,0.00000,0,,110.49416,212.82542,0,
28,29.jpg,185,2.99512,5971746091560,0.34231,0.25229,2.81494,0.18018,12,1,0.35555,0.36727,1,0.99948,0.29537,0,,0.39698,0.52461,21.96404,1.08953,1,0.59954,0.50773,20.66052,1.08953,1,0,0.00000,8,5.75678,1,5.17530,1,0.00000,0,0,0,0,0,0,1,1,0,0.00000,0,,85.03001,143.71812,0,
29,30.jpg,5,0.08008,5971747046586,0.34796,0.28266,0.00000,0.08008,1,1,0.37996,0.35455,1,0.99948,0.29537,0,,0.39720,0.52456,21.96174,1.08953,1,0.60000,0.50783,20.41496,1.08953,1,0,0.00000,8,5.75961,1,5.15491,1,0.00000,0,0,0,0,0,0,1,1,0,0.00000,0,,34.54695,288.30084,0,
29,30.jpg,29,0.47168,5971750960093,0.56475,0.22297,0.19287,0.27881,2,1,1.02640,0.90977,0,0.99948,0.29537,0,,0.40176,0.52324,7.68839,0.98064,0,0.60238,0.50577,20.20594,0.98064,0,1238,0.00000,8,2.38883,0,5.26078,0,0.00000,0,0,0,0,0,0,1,1,0,0.00000,0,,421.19937,8.80381,0,
29,30.jpg,61,0.98486,5971756092979,0.33530,0.04375,0.68262,0.30225,3,1,0.37155,0.10463,1,0.99948,0.29537,0,,0.39730,0.52261,22.06948,1.10724,1,0.60038,0.50644,21.04435,1.08953,1,0,0.00000,9,5.92191,1,5.44845,1,0.00000,0,0,0,0,0,0,1,1,0,0.00000,0,,481.18979,156.28122,0,
29,30.jpg,81,1.30859,5971759328935,0.37803,0.09151,1.00244,0.30615,4,1,0.51148,0.14749,1,0.99948,0.29537,0,,0.40087,0.52224,23.27421,1.17390,1,0.60365,0.50670,21.61996,1.19161,1,0,0.00000,9,6.04436,1,5.39595,1,0.00000,0,0,0,0,0,0,1,1,0,0.00000,0,,96.90927,327.84180,0,
29,30.jpg,108,1.74609,5971763703194,0.51361,0.10339,1.32568,0.42041,5,1,0.44661,-0.13036,1,0.99948,0.29537,0,,0.39788,0.52272,23.70023,1.22564,1,0.60042,0.50647,22.08305,1.22564,1,0,0.00000,9,6.16118,1,5.45371,1,0.00000,0,0,0,0,0,0,1,1,0,0.00000,0,,260.62961,357.17828,0,
29,30.jpg,122,1.97412,5971765983992,0.47086,0.00705,1.81152,0.16260,6,1,0.47809,0.15578,1,0.99948,0.29537,0,,0.39742,0.52196,23.78864,0.98064,1,0.59979,0.50571,21.98584,0.98064,1,0,0.00000,9,6.34979,1,5.59410,1,0.00000,0,0,0,0,0,0,1,1,0,0.00000,0,,132.52528,128.26895,0,
30,31.jpg,2,0.03271,5971766448737,0.47991,0.04642,0.00000,0.03271,1,1,0.48483,0.17701,1,0.99948,0.29537,0,,0.39756,0.52195,23.77987,1.01251,1,0.59998,0.50573,21.99233,1.04439,1,0,0.00000,9,6.30425,1,5.55389,1,0.00000,0,0,0,0,0,0,1,1,0,0.00000,0,,45.93300,292.22778,0,
30,31.jpg,24,0.38965,5971770016548,0.42071,0.03903,0.04980,0.33984,2,1,0.23233,0.04328,1,0.99948,0.29537,0,,0.39688,0.52163,23.78265,1.08953,1,0.59923,0.50559,22.63100,1.08953,1,0,0.00000,9,6.36022,1,5.70720,1,0.00000,0,0,0,0,0,0,1,1,0,0.00000,0,,113.94386,175.98343,0,
30,31.jpg,49,0.79443,5971774064240,0.29241,0.14813,0.45410,0.34033,3,1,0.23521,-0.07705,1,0.99948,0.29537,0,,0.39448,0.52204,20.02701,1.16439,1,0.59713,0.50543,19.97376,1.16439,1,0,0.00000,9,5.48305,1,5.03089,1,0.00000,0,0,0,0,0,0,1,1,0,0.00000,0,,273.06567,205.56284,0,
30,31.jpg,63,1.01855,5971776309344,0.38969,0.09427,0.81152,0.20703,4,1,0.39440,0.11365,1,0.99948,0.29537,0,,0.39728,0.52121,21.31926,1.00897,1,0.59996,0.50512,19.74760,1.02314,1,0,0.00000,9,5.65020,1,5.01859,1,0.00000,0,0,0,0,0,0,1,1,0,0.00000,0,,195.62592,17.29833,0,
30,31.jpg,82,1.32764,5971779400869,0.36903,0.06715,1.08545,0.24219,5,1,0.30475,0.07412,1,0.99948,0.29537,0,,0.39782,0.52122,21.36209,1.06230,1,0.60050,0.50547,20.30514,1.06230,1,0,0.00000,9,5.61433,1,5.29939,1,0.00000,0,0,0,0,0,0,1,1,0,0.00000,0,,49.30893,143.55847,0,
30,31.jpg,96,1.55273,5971781650008,0.26270,0.03945,1.34277,0.20996,6,1,0.21844,0.11588,1,0.99948,0.29537,0,,0.39584,0.52187,22.10132,1.07376,1,0.59848,0.50576,21.14642,1.04189,1,0,0.00000,9,5.90937,1,5.38093,1,0.00000,0,0,0,0,0,0,1,1,0,0.00000,0,,206.33388,171.66341,0,
30,31.jpg,120,1.94238,5971785545097,0.22814,0.05603,1.66602,0.27637,7,1,0.28792,0.16505,1,0.99948,0.29537,0,,0.39629,0.52210,23.32871,1.04814,1,0.59879,0.50589,22.01581,1.06230,1,0,0.00000,9,6.22657,1,5.60421,1,0.00000,0,0,0,0,0,0,1,1,0,0.00000,0,,68.72879,195.10194,0,
30,31.jpg,137,2.21729,5971788292879,0.26186,0.10653,1.95898,0.25830,8,1,0.29941,0.18916,1,0.99948,0.29537,0,,0.39709,0.52184,23.48943,1.02092,1,0.59953,0.50600,22.09081,1.03508,1,0,0.00000,9,6.33941,1,5.59364,1,0.00000,0,0,0,0,0,0,1,1,0,0.00000,0,,84.65338,319.88870,0,
30,31.jpg,151,2.44238,5971790547259,0.24412,0.00097,2.23242,0.20996,9,1,0.18022,-0.11785,1,0.99948,0.29537,0,,0.39741,0.52181,23.81280,1.22564,1,0.59982,0.50620,22.43179,1.22564,1,0,0.00000,9,6.37701,1,5.67338,1,0.00000,0,0,0,0,0,0,1,1,0,0.00000,0,,118.98419,106.63441,0,
30,31.jpg,183,2.95996,5971795720744,0.21479,-0.07301,2.45947,0.50049,10,1,0.48145,-0.00977,1,0.99948,0.29537,0,,0.40067,0.52161,24.58292,1.22564,1,0.60315,0.50669,22.91231,1.22564,1,0,0.00000,9,6.38922,1,5.71866,1,0.00000,0,0,0,0,0,0,1,1,0,0.00000,0,,97.74956,125.17675,0,
31,32.jpg,12,0.19287,5971798469497,0.76182,0.20878,0.00000,0.19287,2,1,0.74008,0.33352,1,0.99948,0.29537,0,,0.40727,0.52102,24.28613,0.98064,1,0.60971,0.50778,22.94274,0.98064,1,0,0.00000,9,6.37959,1,5.58061,1,0.00000,0,0,0,0,0,0,1,1,0,0.00000,0,,1093.50073,343.84058,0,
31,32.jpg,44,0.71045,5971803646170,0.76228,0.32567,0.21289,0.49756,3,1,0.73468,0.32312,1,0.99948,0.29537,0,,0.40657,0.52059,24.75532,0.99369,1,0.60896,0.50697,22.98013,1.00786,1,0,0.00000,9,6.34410,1,5.68726,1,0.00000,0,0,0,0,0,0,1,1,0,0.00000,0,,126.24429,270.40085,0,
31,32.jpg,75,1.21240,5971808666593,0.74625,0.22241,0.72656,0.48584,4,1,0.70729,0.16325,1,0.99948,0.29537,0,,0.40894,0.52023,25.41893,1.17529,1,0.61134,0.50728,23.64227,1.15758,1,0,0.00000,9,6.57050,1,5.88771,1,0.00000,0,0,0,0,0,0,1,1,0,0.00000,0,,115.68993,105.42854,0,
31,32.jpg,93,1.50439,5971811584220,0.77268,0.24841,1.22852,0.27588,5,1,0.76515,0.28705,1,0.99948,0.29537,0,,0.40670,0.52042,25.90837,1.08953,1,0.60923,0.50692,23.76245,1.08953,1,0,0.00000,9,6.61278,1,5.86061,1,0.00000,0,0,0,0,0,0,1,1,0,0.00000,0,,57.99659,331.04211,0,
31,32.jpg,124,2.00537,5971816596397,0.77466,0.26781,1.52051,0.48486,6,1,0.77262,0.34447,1,0.99948,0.29537,0,,0.40606,0.52078,26.15131,1.02203,1,0.60845,0.50704,24.28424,1.00786,1,0,0.00000,9,6.68133,1,6.02529,1,0.00000,0,0,0,0,0,0,1,1,0,0.00000,0,,21.29407,280.28418,0,
32,33.jpg,6,0.09912,5971817739326,0.77170,0.25524,0.00000,0.09912,1,1,0.75197,0.12838,1,0.99948,0.29537,0,,0.40569,0.52077,25.75393,1.22564,1,0.60819,0.50688,24.54850,1.22564,1,0,0.00000,9,6.72690,1,6.06302,1,0.00000,0,0,0,0,0,0,1,1,0,0.00000,0,,14.71715,112.71549,0,
32,33.jpg,23,0.37402,5971820485062,0.78016,0.25051,0.16406,0.20996,2,1,0.71555,0.29839,1,0.99948,0.29537,0,,0.40442,0.52084,25.74119,0.98064,1,0.60699,0.50675,24.03533,0.98064,1,0,0.00000,9,6.68011,1,6.09545,1,0.00000,0,0,0,0,0,0,1,1,0,0.00000,0,,17.02750,17.45802,0,
32,33.jpg,47,0.76172,5971824361985,0.33135,0.04966,0.49170,0.27002,3,1,0.31741,-0.00307,1,0.99948,0.29537,0,,0.39778,0.52100,21.32955,1.08953,1,0.60014,0.50556,20.83389,1.08953,1,0,0.00000,9,5.76720,1,5.27619,1,0.00000,0,0,0,0,0,0,1,1,0,0.00000,0,,888.59808,165.87059,0,
32,33.jpg,60,0.97070,5971826452963,0.50370,0.01620,0.77734,0.19336,4,1,0.71362,0.06613,1,0.99948,0.29537,0,,0.40302,0.52116,21.20378,1.20932,1,0.60544,0.50670,20.33471,1.19161,1,0,0.00000,9,5.47188,1,5.10153,1,0.00000,0,0,0,0,0,0,1,1,0,0.00000,0,,332.87927,6.23221,0,
32,33.jpg,79,1.28027,5971829547859,0.74044,0.21763,1.03613,0.24414,5,1,0.77159,0.24756,1,0.99948,0.29537,0,,0.40512,0.52121,22.03745,1.04925,1,0.60758,0.50727,20.72526,1.03508,1,0,0.00000,9,5.57991,1,5.08244,1,0.00000,0,0,0,0,0,0,1,1,0,0.00000,0,,503.91754,334.42410,0,
32,33.jpg,93,1.50537,5971831798433,0.64404,0.23986,1.29443,0.21094,6,1,0.30025,0.06771,1,0.99948,0.29537,0,,0.39888,0.52093,22.10227,1.07536,1,0.60119,0.50586,21.51282,1.08953,1,0,0.00000,9,5.85649,1,5.45317,1,0.00000,0,0,0,0,0,0,1,1,0,0.00000,0,,186.63863,187.39078,0,
32,33.jpg,111,1.80469,5971834791704,0.34601,0.00903,1.56885,0.23584,7,1,0.58050,0.05923,1,0.99948,0.29537,0,,0.40259,0.52158,23.46254,1.10585,1,0.60498,0.50712,22.42153,1.12355,1,0,0.00000,9,6.17424,1,5.58836,1,0.00000,0,0,0,0,0,0,1,1,0,0.00000,0,,624.16479,156.45883,0,
32,33.jpg,136,2.19971,5971838745999,0.73557,0.18129,1.90918,0.29053,8,1,0.75876,0.21050,1,0.99948,0.29537,0,,0.40561,0.52185,24.31165,1.17529,1,0.60763,0.50801,22.55135,1.15758,1,0,0.00000,9,6.27679,1,5.66623,1,0.00000,0,0,0,0,0,0,1,1,0,0.00000,0,,770.74524,346.03214,0,
32,33.jpg,149,2.41016,5971840849777,0.61391,0.07692,2.21729,0.19287,9,1,0.32792,-0.18988,1,0.99948,0.29537,0,,0.40058,0.52047,24.67860,1.22564,1,0.60233,0.50586,22.95628,1.22564,1,0,0.00000,9,6.49217,1,5.80752,1,0.00000,0,0,0,0,0,0,1,1,0,0.00000,0,,259.36206,154.23994,0,
32,33.jpg,170,2.75098,5971844258645,0.33571,0.02183,2.52295,0.22803,10,1,0.47843,0.13334,1,0.99948,0.29537,0,,0.40034,0.52097,24.91621,1.08953,1,0.60241,0.50602,23.05820,1.08953,1,0,0.00000,9,6.47377,1,5.79477,1,0.00000,0,0,0,0,0,0,1,1,0,0.00000,0,,537.44751,173.64415,0,
32,33.jpg,185,2.99268,5971846672318,0.70641,0.30372,2.86328,0.12939,11,1,0.70912,0.26314,1,0.99948,0.29537,0,,0.40343,0.52143,24.57619,1.08953,1,0.60551,0.50721,22.68409,1.08953,1,0,0.00000,9,6.37988,1,5.66472,1,0.00000,0,0,0,0,0,0,1,1,0,0.00000,0,,774.12140,336.84167,0,
33,34.jpg,11,0.17822,5971848613432,0.73565,0.29357,0.00000,0.17822,1,1,0.77212,0.26420,1,0.99948,0.29537,0,,0.40378,0.52133,24.35946,1.08953,1,0.60594,0.50726,22.76118,1.08953,1,0,0.00000,9,6.39070,1,5.70910,1,0.00000,0,0,0,0,0,0,1,1,0,0.00000,0,,57.20107,11.04850,0,
33,34.jpg,33,0.53613,5971852193852,0.43668,0.06584,0.24414,0.29199,2,1,0.43141,0.17453,1,0.99948,0.29537,0,,0.39987,0.52153,23.77552,1.08953,1,0.60219,0.50679,22.98541,1.08953,1,0,0.00000,9,6.26762,1,5.76177,1,0.00000,0,0,0,0,0,0,1,1,0,0.00000,0,,624.49365,156.80658,0,
33,34.jpg,55,0.88965,5971855725465,0.43985,0.25860,0.84619,0.04346,3,1,0.47977,0.43715,1,0.99948,0.29537,0,,0.39902,0.52332,24.25104,1.08953,1,0.60117,0.50834,22.80848,1.08953,1,0,0.00000,10,6.30623,1,5.59705,1,0.00000,0,0,0,0,0,0,1,1,0,0.00000,0,,208.26973,271.67465,0,
33,34.jpg,81,1.31104,5971859938192,0.48958,0.66079,0.95459,0.35645,4,1,0.49888,0.67661,1,0.99948,0.29537,0,,0.39981,0.52559,25.50134,1.03286,1,0.60172,0.51068,23.51351,1.03286,1,0,0.00000,10,6.67044,1,5.76817,1,0.00000,0,0,0,0,0,0,1,1,0,0.00000,0,,444.73572,282.39752,0,
33,34.jpg,123,1.99023,5971866730959,0.50185,0.66279,1.32617,0.66406,5,1,0.50695,0.63575,1,0.99948,0.29537,0,,0.39883,0.52598,25.71946,1.05036,1,0.60100,0.51074,23.74026,1.05036,1,0,0.00000,10,6.67429,1,5.93793,1,0.00000,0,0,0,0,0,0,1,1,0,0.00000,0,,23.65722,354.76144,0,
34,35.jpg,11,0.17871,5971868673903,0.50564,0.66887,0.00000,0.17871,1,1,0.53508,0.63128,1,0.99948,0.29537,0,,0.40025,0.52589,25.68737,1.00786,1,0.60241,0.51106,23.66018,1.00786,1,0,0.00000,10,6.68307,1,5.91438,1,0.00000,0,0,0,0,0,0,1,1,0,0.00000,0,,9.80146,317.93741,0,
34,35.jpg,24,0.39111,5971870798533,0.49920,0.55733,0.19434,0.19678,2,1,0.48981,0.33647,1,0.99948,0.29537,0,,0.40066,0.52280,25.14466,1.02091,1,0.60255,0.50786,23.35653,1.03508,1,0,0.00000,10,6.54914,1,5.86358,1,0.00000,0,0,0,0,0,0,1,1,0,0.00000,0,,121.09605,95.86050,0,
34,35.jpg,53,0.85791,5971875466929,0.31461,0.09312,0.50391,0.35400,3,1,0.24925,0.01709,1,0.99948,0.29537,0,,0.39655,0.52223,20.63210,1.10584,1,0.59857,0.50628,20.41720,1.10584,1,0,0.00000,10,5.86158,1,5.18836,1,0.00000,0,0,0,0,0,0,1,1,0,0.00000,0,,613.96826,125.25731,0,
34,35.jpg,69,1.11816,5971878068531,0.32578,-0.01137,0.87549,0.24268,4,1,0.36832,0.00988,1,0.99948,0.29537,0,,0.39816,0.52059,21.66419,1.08952,1,0.60003,0.50513,20.69962,1.08952,1,0,0.00000,10,5.66501,1,5.25179,1,0.00000,0,0,0,0,0,0,1,1,0,0.00000,0,,114.86902,79.23956,0,
34,35.jpg,89,1.44043,5971881292550,0.33926,-0.04208,1.13330,0.30713,5,1,0.31238,0.00926,1,0.99948,0.29537,0,,0.39744,0.52051,22.97613,1.07647,1,0.59932,0.50500,21.57672,1.06230,1,0,0.00000,10,6.08408,1,5.54330,1,0.00000,0,0,0,0,0,0,1,1,0,0.00000,0,,42.07010,52.03343,0,
34,35.jpg,113,1.82764,5971885164838,0.34196,0.12143,1.50439,0.32324,6,1,0.36313,0.18062,1,0.99948,0.29537,0,,0.39661,0.52161,23.87218,1.07647,1,0.59835,0.50576,22.39664,1.07647,1,0,0.00000,10,6.25617,1,5.66148,1,0.00000,0,0,0,0,0,0,1,1,0,0.00000,0,,176.66689,271.68149,0,
34,35.jpg,133,2.15137,5971888400463,0.33802,0.14076,1.84375,0.30762,7,1,0.33526,0.03038,1,0.99948,0.29537,0,,0.39708,0.52058,24.74646,1.08953,1,0.59885,0.50476,23.17215,1.08953,1,0,0.00000,10,6.48512,1,5.75665,1,0.00000,0,0,0,0,0,0,1,1,0,0.00000,0,,22.20473,250.08139,0,
34,35.jpg,138,2.23340,5971889220453,0.42471,0.07200,2.16992,0.06348,8,1,0.69327,0.13589,1,0.99948,0.29537,0,,0.40137,0.52158,25.48980,1.13987,1,0.60315,0.50627,22.82050,1.15758,1,0,0.00000,10,6.45138,1,5.74677,1,0.00000,0,0,0,0,0,0,1,1,0,0.00000,0,,182.25955,24.04445,0,
34,35.jpg,160,2.58740,5971892764999,0.72465,0.27721,2.34619,0.24121,9,1,0.75381,0.19145,1,0.99948,0.29537,0,,0.40149,0.52174,24.92257,1.17390,1,0.60352,0.50668,22.66389,1.15619,1,0,0.00000,10,6.43339,1,5.74157,1,0.00000,0,0,0,0,0,0,1,1,0,0.00000,0,,617.05890,338.95099,0,
34,35.jpg,178,2.88281,5971895715226,0.74083,0.26884,2.60498,0.27783,10,1,0.63253,0.21857,1,0.99948,0.29537,0,,0.39988,0.52210,24.05502,1.04814,1,0.60222,0.50659,22.66759,1.06230,1,0,0.00000,10,6.28303,1,5.68586,1,0.00000,0,0,0,0,0,0,1,1,0,0.00000,0,,32.35403,16.22421,0,
35,36.jpg,12,0.19531,5971899083881,0.20662,-0.03930,0.00000,0.19531,2,1,0.17952,-0.01355,1,0.99948,0.29537,0,,0.39480,0.52035,22.39534,1.13251,1,0.59682,0.50413,22.22957,1.16439,1,0,0.00000,10,6.00219,1,5.63290,1,0.00000,0,0,0,0,0,0,1,1,0,0.00000,0,,1078.32080,162.02393,0,
35,36.jpg,26,0.42090,5971901341796,0.29241,0.01205,0.21143,0.20947,3,1,0.63576,0.22060,1,0.99948,0.29537,0,,0.39933,0.52201,22.80585,1.02091,1,0.60137,0.50657,21.64128,1.03508,1,0,0.00000,10,5.95633,1,5.40722,1,0.00000,0,0,0,0,0,0,1,1,0,0.00000,0,,173.80223,341.39230,0,
35,36.jpg,44,0.71240,5971904256285,0.62792,0.21701,0.48584,0.22656,4,1,0.62766,0.32501,1,0.99948,0.29537,0,,0.39926,0.52351,23.54959,1.08952,1,0.60134,0.50799,22.36029,1.08952,1,0,0.00000,10,6.17538,1,5.48704,1,0.00000,0,0,0,0,0,0,1,1,0,0.00000,0,,681.15021,341.03595,0,
35,36.jpg,58,0.93848,5971906520057,0.55667,0.18810,0.72900,0.20947,5,1,0.52415,0.20454,1,0.99948,0.29537,0,,0.39945,0.52290,23.99971,1.12355,1,0.60145,0.50752,22.68741,1.12355,1,0,0.00000,10,6.29209,1,5.62700,1,0.00000,0,0,0,0,0,0,1,1,0,0.00000,0,,140.31779,167.14322,0,
35,36.jpg,81,1.31104,5971910243702,0.45196,-0.11370,1.00342,0.30762,6,1,0.37887,-0.06747,1,0.99948,0.29537,0,,0.39773,0.52242,24.21473,1.22564,1,0.59968,0.50661,23.07131,1.22564,1,0,0.00000,9,6.33890,1,5.79013,1,0.00000,0,0,0,0,0,0,1,1,0,0.00000,0,,382.95935,121.66640,0,
35,36.jpg,100,1.61816,5971913312485,0.46021,0.16260,1.37598,0.24219,7,1,0.48998,0.10738,1,0.99948,0.29537,0,,0.39909,0.52228,24.70690,1.20932,1,0.60098,0.50697,23.47254,1.19161,1,0,0.00000,9,6.52369,1,5.76843,1,0.00000,0,0,0,0,0,0,1,1,0,0.00000,0,,298.82413,273.03854,0,
35,36.jpg,117,1.89307,5971916061350,0.49531,0.15846,1.63721,0.25586,8,1,0.57110,0.23461,1,0.99948,0.29537,0,,0.39828,0.52143,25.29814,1.04813,1,0.60032,0.50613,23.74014,1.06230,1,0,0.00000,9,6.59881,1,5.97773,1,0.00000,0,0,0,0,0,0,1,1,0,0.00000,0,,67.54019,3.79578,0,
35,36.jpg,122,1.97412,5971916874971,0.51920,0.14646,1.91211,0.06201,9,1,0.49275,0.11697,1,0.99948,0.29537,0,,0.39784,0.52146,25.38228,1.08952,1,0.59979,0.50601,24.05258,1.08952,1,0,0.00000,9,6.63485,1,5.91142,1,0.00000,0,0,0,0,0,0,1,1,0,0.00000,0,,47.66457,15.77737,0,
36,37.jpg,16,0.25977,5971919625915,0.53674,0.15791,0.00000,0.25976,1,1,0.51300,0.23945,1,0.99948,0.29537,0,,0.39708,0.52139,25.46044,1.07536,1,0.59908,0.50557,24.24781,1.08952,1,0,0.00000,8,6.67263,1,5.94250,1,0.00000,0,0,0,0,0,0,1,1,0,0.00000,0,,35.87531,339.83688,0,
36,37.jpg,20,0.32324,5971920264654,0.47119,0.17638,0.27490,0.04834,2,1,0.32626,0.06199,1,0.99948,0.29537,0,,0.39520,0.52148,25.04571,1.13987,1,0.59740,0.50526,23.60086,1.15758,1,0,0.00000,8,6.61950,1,5.91383,1,0.00000,0,0,0,0,0,0,1,1,0,0.00000,0,,127.42695,189.00620,0,
36,37.jpg,39,0.63428,5971923372599,0.20918,-0.05611,0.38965,0.24463,3,1,0.10526,-0.10694,1,0.99948,0.29537,0,,0.39178,0.52196,23.54976,1.22563,1,0.59358,0.50519,22.07514,1.22563,1,0,0.00000,8,6.29059,1,5.61569,1,0.00000,0,0,0,0,0,0,1,1,0,0.00000,0,,562.24048,153.47510,0,
36,37.jpg,56,0.90771,5971926109736,0.14952,0.01882,0.69727,0.21045,4,1,0.38816,0.27924,1,0.99948,0.29537,0,,0.39572,0.52280,22.70111,1.02091,1,0.59742,0.50646,20.84899,1.03508,1,0,0.00000,8,6.01542,1,5.15893,1,0.00000,0,0,0,0,0,0,1,1,0,0.00000,0,,140.24915,215.24014,0,
36,37.jpg,87,1.40771,5971931105780,0.35793,0.27133,0.97021,0.43750,5,1,0.38429,0.23733,1,0.99948,0.29537,0,,0.39575,0.52256,24.20150,1.08952,1,0.59775,0.50632,22.19141,1.08952,1,0,0.00000,8,6.41596,1,5.45616,1,0.00000,0,0,0,0,0,0,1,1,0,0.00000,0,,484.24060,325.72455,0,
36,37.jpg,107,1.73047,5971934332820,0.36368,0.20931,1.42480,0.30566,6,1,0.34513,0.24084,1,0.99948,0.29537,0,,0.39526,0.52295,23.45579,1.17529,1,0.59715,0.50644,21.76470,1.15758,1,0,0.00000,8,6.31026,1,5.44098,1,0.00000,0,0,0,0,0,0,1,1,0,0.00000,0,,67.88534,80.64055,0,
36,37.jpg,125,2.02197,5971937248783,0.35671,0.20773,1.79736,0.22461,7,1,0.39129,0.13802,1,0.99948,0.29537,0,,0.39664,0.52264,23.70524,1.08952,1,0.59860,0.50658,21.90466,1.08952,1,0,0.00000,8,6.24374,1,5.49994,1,0.00000,0,0,0,0,0,0,1,1,0,0.00000,0,,13.49080,172.73337,0,
36,37.jpg,142,2.29688,5971940000652,0.40381,0.20237,2.03906,0.25781,8,1,0.55613,0.23696,1,0.99948,0.29537,0,,0.39884,0.52239,23.77594,1.07647,1,0.60099,0.50663,21.99718,1.06230,1,0,0.00000,8,6.25864,1,5.55143,1,0.00000,0,0,0,0,0,0,1,1,0,0.00000,0,,90.61710,3.66265,0,
36,37.jpg,162,2.62158,5971943245331,0.75731,0.29614,2.36230,0.25928,9,1,0.78585,0.04446,1,0.99948,0.29537,0,,0.40145,0.52181,24.25550,1.08952,1,0.60336,0.50657,22.01341,1.08952,1,0,0.00000,8,6.41696,1,5.45643,1,0.00000,0,0,0,0,0,0,1,1,0,0.00000,0,,686.23376,351.51352,0,
36,37.jpg,186,3.00781,5971947110856,0.74902,0.15302,2.68555,0.32227,10,1,0.70809,0.34927,1,0.99948,0.29537,0,,0.40151,0.52266,24.41098,0.98063,1,0.60329,0.50738,22.33064,0.98063,1,0,0.00000,8,6.42755,1,5.52460,1,0.00000,0,0,0,0,0,0,1,1,0,0.00000,0,,0.00000,0.00000,0,
37,38.jpg,25,0.40234,5971951316582,0.71731,0.26304,0.04639,0.35596,2,1,0.61026,0.68063,1,0.99948,0.29537,0,,0.39963,0.52302,19.17834,1.08952,1,0.60170,0.50762,17.30043,1.08952,1,0,0.00000,8,6.08011,1,5.15245,1,0.00000,0,0,0,0,0,0,1,1,0,0.00000,0,,133.51157,242.86978,0,
37,38.jpg,60,0.96924,5971956987088,0.36458,0.06000,0.75830,0.21094,3,1,0.45911,0.44034,1,0.99948,0.29537,0,,0.39587,0.52521,23.95043,1.10584,1,0.59732,0.50896,22.51009,1.10584,1,0,0.00000,9,6.28330,1,5.57881,1,0.00000,0,0,0,0,0,0,1,1,0,0.00000,0,,711.85767,162.05862,0,
37,38.jpg,77,1.24365,5971959728516,0.46252,0.49868,1.03369,0.20996,4,1,0.50659,0.52572,1,0.99948,0.29537,0,,0.39636,0.52569,24.12248,1.08577,1,0.59811,0.50952,23.11551,1.06806,1,0,0.00000,9,6.39207,1,5.72174,1,0.00000,0,0,0,0,0,0,1,1,0,0.00000,0,,509.72839,291.64853,0,
37,38.jpg,94,1.51855,5971962480150,0.48863,0.61359,1.26025,0.25830,5,1,0.47005,0.55885,1,0.99948,0.29537,0,,0.39476,0.52655,24.72857,1.08112,1,0.59649,0.50996,23.59673,1.09883,1,0,0.00000,9,6.51872,1,5.82013,1,0.00000,0,0,0,0,0,0,1,1,0,0.00000,0,,133.84558,291.99622,0,
37,38.jpg,111,1.79395,5971965233530,0.50665,0.66789,1.53809,0.25586,6,1,0.47015,0.66703,1,0.99948,0.29537,0,,0.39610,0.52618,25.16886,1.08952,1,0.59786,0.51011,23.76886,1.07536,1,0,0.00000,9,6.66908,1,5.95422,1,0.00000,0,0,0,0,0,0,1,1,0,0.00000,0,,68.08941,300.53940,0,
37,38.jpg,124,2.00391,5971967334730,0.50204,0.66490,1.81104,0.19287,7,1,0.48410,0.65720,1,0.99948,0.29537,0,,0.39632,0.52624,25.37471,1.08952,1,0.59806,0.51010,23.74465,1.08952,1,0,0.00000,9,6.73687,1,5.92428,1,0.00000,0,0,0,0,0,0,1,1,0,0.00000,0,,9.42176,159.95589,0,
38,39.jpg,8,0.12891,5971968787557,0.48883,0.64078,0.00000,0.12891,1,1,0.47240,0.63991,1,0.99948,0.29537,0,,0.39624,0.52617,25.27558,1.08952,1,0.59808,0.51009,24.01309,1.08952,1,0,0.00000,9,6.69899,1,5.90615,1,0.00000,0,0,0,0,0,0,1,1,0,0.00000,0,,36.35765,134.23517,0,
38,39.jpg,22,0.35742,5971971073925,0.48052,0.53439,0.14551,0.21191,2,1,0.38051,0.12222,1,0.99948,0.29537,0,,0.39708,0.52291,24.85804,1.17855,1,0.59875,0.50695,23.97149,1.17855,1,0,0.00000,9,6.68472,1,5.99817,1,0.00000,0,0,0,0,0,0,1,1,0,0.00000,0,,116.00367,97.90555,0,
38,39.jpg,41,0.66260,5971974123121,0.25648,0.12689,0.41992,0.24268,3,1,0.44812,-0.01627,1,0.99948,0.29537,0,,0.39514,0.52223,22.19121,1.13987,1,0.59708,0.50570,20.54400,1.15758,1,0,0.00000,9,5.90348,1,5.28131,1,0.00000,0,0,0,0,0,0,1,1,0,0.00000,0,,615.40460,134.34540,0,
38,39.jpg,60,0.97119,5971977210976,0.75758,0.10591,0.72705,0.24414,4,1,0.84790,0.16948,1,0.99948,0.29537,0,,0.40067,0.52160,21.95680,1.05036,1,0.60267,0.50580,19.90351,1.05036,1,0,0.00000,9,5.71429,1,5.18597,1,0.00000,0,0,0,0,0,0,1,1,0,0.00000,0,,962.37872,1.34911,0,
38,39.jpg,80,1.29346,5971980434096,0.79233,0.08119,0.98682,0.30664,5,1,0.57722,0.11158,1,0.99948,0.29537,0,,0.39857,0.52204,23.09599,1.08188,1,0.60048,0.50608,22.12313,1.06772,1,0,0.00000,9,6.09006,1,5.48205,1,0.00000,0,0,0,0,0,0,1,1,0,0.00000,0,,71.86330,21.80849,0,
38,39.jpg,103,1.66602,5971984156870,0.57837,0.12546,1.35791,0.30811,6,1,0.50198,-0.02415,1,0.99948,0.29537,0,,0.39576,0.52188,24.07157,1.22563,1,0.59754,0.50539,23.04157,1.22563,1,0,0.00000,9,6.34295,1,5.61505,1,0.00000,0,0,0,0,0,0,1,1,0,0.00000,0,,413.57629,186.63853,0,
38,39.jpg,121,1.95703,5971987070005,0.81031,0.12318,1.72998,0.22705,7,1,0.78910,0.03779,1,0.99948,0.29537,0,,0.40073,0.52088,24.61673,1.19161,1,0.60275,0.50567,23.12388,1.19161,1,0,0.00000,9,6.46276,1,5.74528,1,0.00000,0,0,0,0,0,0,1,1,0,0.00000,0,,445.33163,0.31681,0,
38,39.jpg,147,2.37891,5971991289833,0.79554,0.15094,1.97217,0.40674,8,1,0.45818,0.07120,1,0.99948,0.29537,0,,0.39415,0.52054,24.88405,1.08952,1,0.59646,0.50409,23.60996,1.08952,1,0,0.00000,9,6.85386,1,6.10162,1,0.00000,0,0,0,0,0,0,1,1,0,0.00000,0,,41.26798,226.59296,0,
38,39.jpg,174,2.81396,5971995640751,-0.63716,0.56511,2.58838,0.22559,9,1,-0.80619,0.51862,1,0.99948,0.29537,0,,0.37852,0.52838,24.20825,1.08952,1,0.57946,0.50980,23.59093,1.08952,1,0,0.00000,9,6.83406,1,5.93828,1,0.00000,0,0,0,0,0,0,1,1,0,0.00000,0,,2786.91455,189.23599,0,
38,39.jpg,185,2.99170,5971997414203,-0.78065,0.57767,2.87988,0.11182,10,1,-0.79901,0.56643,1,0.99948,0.29537,0,,0.37883,0.52792,23.78390,1.08952,1,0.57977,0.50947,22.96036,1.08952,1,0,0.00000,9,6.75336,1,5.87575,1,0.00000,0,0,0,0,0,0,1,1,0,0.00000,0,,275.83459,182.81877,0,